task,site_name,wbid,ir_wbid,huc_8,riverbasin,pcid,assessment_date,cycle,sample_id,instream_cover,pool_bottom_substrate,pool_variability,canopy_cover,rocky_runs_riffles,flow,channel_alteration,channel_sinuosity,bank_stability,bank_vegetation_stability,streamside_cover,total_score,habitatscore,habitat_grade,pfines,ppoorrip,habitatscoreext,assessment_date_str,year
Blue Thumb,Adams Creek: Broken Arrow High School,OK121500-02-0150T,OK121500020150_00,11070105,Arkansas R.,OK121500-02-0150T_5,2021-02-23,5,65059,19.6,11.6,1.6,19.1,15.9,0.0,1.4,4.8,9.945417483,4.1,8.8,96.84541748,0.968454175,A,0.0,0.175,0.832922763,2021-02-23,2021
Blue Thumb,Ballard Creek: Wainscott,OK121700-03-0370V,OK121700030370_00,11110103,Illinois R.,OK121700-03-0370V_3,2013-07-16,3,51653,12.3,13.0,3.0,19.5,16.2,0.0,5.8,0.2,9.94457825,4.4,9.066666667,93.41124492,0.934112449,A,0.0,0.305555556,0.813907115,2013-07-16,2013
Blue Thumb,Bandy Creek: Pleasant Hill Road,OK220100-04-0080G,OK220100040080_00,11110105,Arkansas R.,OK220100-04-0080G_2,2007-06-04,2,37348,11.9,12.1,14.7,13.5,9.0,0.0,3.5,0.6,9.534613059,4.6,10.0,89.43461306,0.894346131,B,0.0,0.975,0.831754419,2007-06-04,2007
Blue Thumb,Baron Fork River: Welling Road,OK121700-05-0010G,OK121700050010_00,11110103,Illinois R.,OK121700-05-0010G_4,2017-10-16,4,58629,19.0,15.6,13.5,6.3,16.2,0.0,0.5,0.5,-1.486084408,7.6,9.733333333,87.44724893,0.874472489,B,1.0,0.85,0.882245952,2017-10-16,2017
Blue Thumb,Baron Fork River: Welling Road,OK121700-05-0010G,OK121700050010_00,11110103,Illinois R.,OK121700-05-0010G_3,2013-07-11,3,51650,16.9,15.5,14.0,16.7,16.2,0.0,0.4,-0.1,-5.582481132,4.7,9.6,88.31751887,0.883175189,B,1.0,1.0,0.901148237,2013-07-11,2013
Blue Thumb,Baron Fork River: Welling Road,OK121700-05-0010G,OK121700050010_00,11110103,Illinois R.,OK121700-05-0010G_2,2008-08-04,2,41757,19.2,13.3,14.6,15.4,16.1,0.0,0.4,0.0,0.683086082,5.5,10.0,95.18308608,0.951830861,A,1.0,0.9,0.95154919,2008-08-04,2008
Blue Thumb,Bear Creek: Miller Ranch,OK520620-01-0120C,OK520620010120_00,11090201,Canadian R.,OK520620-01-0120C_1,2005-08-24,1,33762,1.4,19.6,0.0,11.9,16.1,0.0,6.7,0.5,8.225085477,2.4,8.666666667,75.49175214,0.754917521,C,0.0,0.45,0.673391749,2005-08-24,2005
Blue Thumb,Beaver Creek: N 4370 Rd,OK220200-04-0060C,OK220200040060_00,11110104,Arkansas R.,OK220200-04-0060C_4,2018-09-15,4,60620,19.0,10.9,13.8,13.5,9.0,0.0,1.0,2.9,9.944758841,5.0,9.866666667,94.91142551,0.949114255,A,0.0,0.075,0.808865908,2018-09-15,2018
Blue Thumb,Big Spring Trib of Bitter Creek: Big Spring Picni,OK620910-02-0170T,OK620910020370_00,11050002,Cimarron R.,OK620910-02-0170T_1,2004-07-29,1,33756,6.2,19.6,0.0,18.6,16.1,0.0,11.1,0.6,7.082262759,2.4,9.866666667,91.54892943,0.915489294,A,0.0,0.763157895,0.833349241,2004-07-29,2004
Blue Thumb,Bishop Creek Tributary: Basket 12,OK520610-01-0181M,OK520610010181_00,11090202,Canadian R.,OK520610-01-0181M_4,2018-06-08,4,60202,10.2,6.9,19.8,10.6,10.3,0.0,5.0,3.2,9.818302119,4.5,5.0,85.31830212,0.853183021,B,1.0,0.0,0.798847172,2018-06-08,2018
Blue Thumb,Bishop Creek: Constitution Street,OK520610-01-0180P,OK520610010180_00,11090202,Canadian R.,OK520610-01-0180P_4,2018-06-12,4,60203,11.7,4.1,16.7,11.4,2.2,0.0,1.8,1.2,9.353480915,4.2,9.6,72.25348091,0.722534809,C,1.0,-0.175,0.674837146,2018-06-12,2018
Blue Thumb,Bishop Creek: Constitution Street,OK520610-01-0180P,OK520610010180_00,11090202,Canadian R.,OK520610-01-0180P_1,2005-08-10,1,33758,7.3,6.1,18.1,19.0,2.2,0.0,1.8,0.3,9.018771145,1.6,10.0,75.41877114,0.754187711,C,0.0,0.825,0.701620371,2005-08-10,2005
Blue Thumb,Bishop Creek: Constitution Street,OK520610-01-0180P,OK520610010180_00,11090202,Canadian R.,OK520610-01-0180P_2,2009-08-25,2,44246,13.3,3.5,18.1,20.0,4.1,0.0,7.7,1.1,9.034649237,3.7,10.0,90.53464924,0.905346492,A,1.0,0.35,0.86990857,2009-08-25,2009
Blue Thumb,Bishop Creek: Constitution Street,OK520610-01-0180P,OK520610010180_00,11090202,Canadian R.,OK520610-01-0180P_3,2014-09-09,3,53924,16.5,5.9,16.3,16.6,0.0,0.0,8.7,-0.1,9.892027648,6.5,10.0,90.29202765,0.902920276,A,0.5,0.35,0.82939408,2014-09-09,2014
Blue Thumb,Bishop Creek: Eastwoods Park,OK520610-01-0180W,OK520610010180_00,11090202,Canadian R.,OK520610-01-0180W_4,2018-06-18,4,60205,16.6,10.0,1.1,20.0,4.1,0.0,1.8,0.5,9.725847979,4.3,9.066666667,77.19251465,0.771925146,C,1.0,0.55,0.7723982,2018-06-18,2018
Blue Thumb,Bishop Creek: Eastwoods Park,OK520610-01-0180W,OK520610010180_00,11090202,Canadian R.,OK520610-01-0180W_3,2012-06-29,3,49700,19.4,9.4,1.8,19.1,5.9,0.0,5.0,0.4,9.941238778,4.1,2.8,77.84123878,0.778412388,C,1.0,0.210526316,0.751774045,2012-06-29,2012
Blue Thumb,Bishop Creek: Lindsey Street,OK520610-01-0180R,OK520610010180_00,11090202,Canadian R.,OK520610-01-0180R_3,2011-07-26,3,49144,18.9,3.5,11.8,19.5,11.4,0.0,0.4,0.8,6.282645969,4.3,9.866666667,86.74931264,0.867493126,B,0.5,1.0,0.84941726,2011-07-26,2011
Blue Thumb,Black Fork of Poteau River: CR D1513,OK220100-02-0040D,OK220100020040_00,11110105,Arkansas R.,OK220100-02-0040D_2,2006-08-23,2,36250,19.6,19.0,20.2,8.9,0.0,0.0,16.5,2.2,-1.284542589,6.9,10.0,102.0154574,1.0,A,1.0,0.95,0.996153846,2006-08-23,2006
Blue Thumb,Black Fork of Poteau River: CR D1513,OK220100-02-0040D,OK220100020040_00,11110105,Arkansas R.,OK220100-02-0040D_1,2005-09-30,1,33825,18.2,18.7,14.6,13.5,0.0,0.0,16.5,0.5,8.064345114,4.9,10.0,104.9643451,1.0,A,1.0,1.0,1.0,2005-09-30,2005
Blue Thumb,Bluff Creek: Battiest,OK410210-09-0160K,OK410210090160_00,11140107,Little R.,OK410210-09-0160K_3,2016-08-08,4,56728,19.4,16.3,1.2,19.2,0.0,0.0,0.5,0.6,-3.909043687,7.7,10.0,70.99095631,0.709909563,C,1.0,1.0,0.754538861,2016-08-08,2016
Blue Thumb,Bluff Creek: NW 150th,OK620910-04-0140G,OK620910040140_00,11050002,Cimarron R.,OK620910-04-0140G_2,2009-08-26,2,44249,12.9,5.1,13.2,15.2,12.4,0.0,3.5,4.0,6.220666939,3.1,10.0,85.62066694,0.856206669,B,1.0,0.875,0.868713335,2009-08-26,2009
Blue Thumb,Bluff Creek: NW 150th,OK620910-04-0140G,OK620910040140_00,11050002,Cimarron R.,OK620910-04-0140G_1,2004-09-17,1,31145,3.1,5.6,13.2,18.7,15.9,0.0,2.3,1.2,9.670185925,2.9,10.0,82.57018593,0.825701859,B,0.0,0.975,0.773670804,2004-09-17,2004
Blue Thumb,Bluff Creek: NW 150th,OK620910-04-0140G,OK620910040140_00,11050002,Cimarron R.,OK620910-04-0140G_3,2014-09-08,3,53923,13.3,5.2,18.2,13.7,16.3,0.0,2.8,3.1,6.035085721,3.6,9.866666667,92.10175239,0.921017524,A,1.0,0.675,0.908168674,2014-09-08,2014
Blue Thumb,Boomer Creek: 3rd Ave,OK620900-04-0180B,OK620900040180_00,11050003,Cimarron R.,OK620900-04-0180B_4,2019-09-12,4,62336,9.5,6.4,0.0,11.6,2.2,0.0,16.5,0.2,9.183274796,6.2,4.6,66.3832748,0.663832748,D,0.5,0.0,0.600166171,2019-09-12,2019
Blue Thumb,Boomer Creek: McElroy,OK620900-04-0180G,OK620900040180_00,11050003,Cimarron R.,OK620900-04-0180G_1,2005-08-18,1,33760,6.3,2.2,0.0,19.9,16.1,0.0,2.8,-0.1,8.88473848,2.7,10.0,68.78473848,0.687847385,D,0.0,0.9,0.65125548,2005-08-18,2005
Blue Thumb,Boomer Creek: S. Perkins,OK620900-04-0140X,OK620900040140_00,11050003,Cimarron R.,OK620900-04-0140X_3,2014-07-15,3,53895,16.4,6.1,17.9,18.3,0.0,0.0,16.5,1.2,8.087032367,7.3,4.6,96.38703237,0.963870324,A,0.0,0.53125,0.856447966,2014-07-15,2014
Blue Thumb,Boomer Creek: S. Perkins,OK620900-04-0140X,OK620900040140_00,11050003,Cimarron R.,OK620900-04-0140X_4,2019-08-05,4,62329,3.6,6.1,19.7,8.1,0.0,0.0,13.7,7.3,8.755703313,5.9,4.8,77.95570331,0.779557033,C,0.0,0.083333333,0.666035438,2019-08-05,2019
Blue Thumb,Brookhaven Creek: North of Main,OK520610-01-0205V,OK520610010205_00,11090202,Canadian R.,OK520610-01-0205V_4,2018-07-18,4,60211,17.9,4.2,16.5,20.0,4.1,0.0,6.7,0.8,7.793820668,5.3,6.0,89.29382067,0.892938207,B,1.0,0.131578947,0.842607633,2018-07-18,2018
Blue Thumb,Brookhaven Creek: North of Main,OK520610-01-0205V,OK520610010205_00,11090202,Canadian R.,OK520610-01-0205V_2,2010-08-16,2,48345,19.1,4.5,8.3,19.1,5.9,0.0,16.5,0.8,6.828515431,3.3,9.866666667,94.1951821,0.941951821,A,1.0,0.975,0.948959233,2010-08-16,2010
Blue Thumb,Brush Creek: 460 Road,OK121600-05-0140J,OK121600050140_00,11070209,Arkansas R.,OK121600-05-0140J_4,2017-01-17,4,57006,18.8,18.7,19.8,19.9,16.3,15.92272727,0.5,3.3,9.751506868,6.3,9.6,138.8742341,1.0,A,1.0,0.775,0.982692308,2017-01-17,2017
Blue Thumb,Buckhorn Creek: Binderim Road,OK310800-02-0220D,OK310800020220_00,11130303,Washita R.,OK310800-02-0220D_1,2005-09-20,1,33822,9.7,4.9,17.2,19.6,16.1,0.0,1.4,1.4,9.349530229,2.0,9.866666667,91.5161969,0.915161969,A,0.5,0.975,0.887829358,2005-09-20,2005
Blue Thumb,Buffalo Creek: Ballard,OK410210-06-0020W,OK410210060020_00,11140108,Little R.,OK410210-06-0020W_1,2005-09-01,1,33817,19.5,13.3,12.1,5.5,0.0,0.0,6.7,0.0,9.259353649,4.2,10.0,80.55935365,0.805593536,B,1.0,1.0,0.835502223,2005-09-01,2005
Blue Thumb,Buffalo Creek: Cosby,OK620920-05-0010T,OK620920050010_00,11050001,Cimarron R.,OK620920-05-0010T_2,2009-06-25,2,44195,16.7,2.6,17.2,7.9,15.6,0.0,16.5,0.6,5.09409472,8.3,5.0,95.49409472,0.954940947,A,0.0,1.0,0.884950032,2009-06-25,2009
Blue Thumb,Buffalo Creek: Hwy 74B,OK520610-03-0110G,OK520610030110_00,11090202,Canadian R.,OK520610-03-0110G_2,2007-07-09,2,37895,4.4,3.6,17.2,19.4,16.2,0.0,0.4,0.5,6.071222265,2.1,10.0,79.87122226,0.798712223,B,0.0,0.875,0.743141112,2007-07-09,2007
Blue Thumb,Campbell Creek: OCU Property,OK520520-00-0230M,OK520520000230_00,11100301,Canadian R.,OK520520-00-0230M_2,2007-06-13,2,37353,10.6,6.0,9.9,17.6,14.1,0.0,2.8,3.1,6.321689021,3.5,9.333333333,83.25502235,0.832550224,B,0.0,0.9,0.773696343,2007-06-13,2007
Blue Thumb,Campbell Creek: OCU Property,OK520520-00-0230M,OK520520000230_00,11100301,Canadian R.,OK520520-00-0230M_3,2011-06-17,3,48464,19.0,8.0,18.7,19.7,7.5,0.0,2.3,9.4,6.495427723,5.8,10.0,106.8954277,1.0,A,0.0,1.0,0.923076923,2011-06-17,2011
Blue Thumb,Caston Creek: CR 149,OK220100-01-0180C,OK220100010180_00,11110105,Arkansas R.,OK220100-01-0180C_2,2007-08-01,2,38161,18.4,7.8,13.4,14.9,7.5,0.0,4.2,0.8,9.604352247,1.9,9.866666667,88.37101891,0.883710189,B,0.0,0.575,0.791985545,2007-08-01,2007
Blue Thumb,Caston Creek: CR 149,OK220100-01-0180C,OK220100010180_00,11110105,Arkansas R.,OK220100-01-0180C_3,2011-09-16,3,48864,9.9,13.3,18.1,16.3,0.0,0.0,16.5,2.7,9.569741083,2.9,10.0,99.26974108,0.992697411,A,1.0,1.0,0.993820886,2011-09-16,2011
Blue Thumb,Cedar Hollow Creek: Nickel Preserve,OK121700-03-0110J,OK121700030110_00,11110103,Illinois R.,OK121700-03-0110J_4,2017-06-26,4,58621,18.1,8.3,0.0,19.6,15.6,0.0,0.4,-0.1,9.379086038,6.6,8.933333333,86.81241937,0.868124194,B,0.5,0.05,0.776874318,2017-06-26,2017
Blue Thumb,Cedar Hollow Creek: Nickel Preserve,OK121700-03-0110J,OK121700030110_00,11110103,Illinois R.,OK121700-03-0110J_2,2010-08-09,2,48341,16.0,13.8,0.0,19.7,2.2,0.0,16.5,1.6,8.04717008,5.2,10.0,93.04717008,0.930471701,A,1.0,1.0,0.941168362,2010-08-09,2010
Blue Thumb,Chambers Creek,OK121500-02-0400M,OK121500020400_00,11070105,Arkansas R.,OK121500-02-0400M_3,2015-07-21,3,55668,14.9,6.5,0.0,19.3,16.1,0.0,1.4,1.8,5.679562908,4.0,10.0,79.67956291,0.796795629,B,1.0,1.0,0.82805784,2015-07-21,2015
Blue Thumb,Cherry Creek: Rainwater,OK121400-01-0080M,OK121400010080_00,11070106,Arkansas R.,OK121400-01-0080M_5,2021-02-26,5,65069,17.0,9.8,0.0,18.8,0.0,0.0,12.3,3.9,9.156040378,5.1,8.266666667,84.32270705,0.84322707,B,1.0,0.25,0.809653675,2021-02-26,2021
Blue Thumb,Chisholm Creek: 33rd & Western,OK620910-04-0100T,OK620910040100_00,11050002,Cimarron R.,OK620910-04-0100T_2,2009-06-11,2,44186,13.5,9.5,15.0,19.6,16.1,0.0,4.2,2.3,7.669200634,2.8,9.466666667,100.1358673,1.0,A,0.5,0.526315789,0.925101215,2009-06-11,2009
Blue Thumb,Chisholm Creek: 33rd & Western,OK620910-04-0100T,OK620910040100_00,11050002,Cimarron R.,OK620910-04-0100T_4,2019-07-01,4,62317,15.9,7.7,20.2,16.8,15.6,0.0,1.0,2.7,8.64410356,3.1,8.8,100.4441036,1.0,A,1.0,0.25,0.942307692,2019-07-01,2019
Blue Thumb,Chisholm Creek: 33rd & Western,OK620910-04-0100T,OK620910040100_00,11050002,Cimarron R.,OK620910-04-0100T_3,2014-08-14,3,53903,18.3,7.5,19.7,19.2,12.4,0.0,1.4,1.4,7.500257773,3.0,8.666666667,99.06692444,0.990669244,A,1.0,0.675,0.967104745,2014-08-14,2014
Blue Thumb,Chisholm Creek: 33rd & Western,OK620910-04-0100T,OK620910040100_00,11050002,Cimarron R.,OK620910-04-0100T_1,2005-08-09,1,33757,5.7,6.7,20.2,19.7,14.7,0.0,1.4,1.6,7.541220401,2.2,10.0,89.7412204,0.897412204,A,1.0,0.8,0.897810326,2005-08-09,2005
Blue Thumb,Chisholm Creek: NW 186 & Western,OK620910-04-0100L,OK620910040100_10,11050002,Cimarron R.,OK620910-04-0100L_4,2019-07-26,4,62326,17.1,7.0,19.7,13.6,0.0,0.0,3.5,2.4,8.274224333,2.6,9.2,83.37422433,0.833742243,B,0.5,0.325,0.768935744,2019-07-26,2019
Blue Thumb,Chisholm Creek: Sorghum Mill Rd,OK620910-04-0100I,OK620910040100_00,11050002,Cimarron R.,OK620910-04-0100I_3,2015-06-03,3,55659,10.0,2.1,14.6,10.4,15.6,0.0,16.5,0.3,9.904928585,4.2,9.6,93.20492859,0.932049286,A,0.0,1.0,0.865580165,2015-06-03,2015
Blue Thumb,Clear Boggy Creek: Hwy 377,OK410400-04-0010U,OK410400040010_00,11140104,Lower Red R.,OK410400-04-0010U_4,2020-07-15,4,63597,15.5,6.2,15.0,12.8,12.4,0.0,0.5,6.0,9.59693357,6.1,9.333333333,93.4302669,0.934302669,A,1.0,0.95,0.940563797,2020-07-15,2020
Blue Thumb,Clear Boggy Creek: Winter Smith Bridge,OK410400-04-0010X,OK410400040010_00,11140104,Lower Red R.,OK410400-04-0010X_4,2020-06-19,4,63593,18.6,11.1,13.4,16.4,2.2,0.0,7.7,3.2,10.0,8.1,9.733333333,100.4333333,1.0,A,0.5,0.45,0.919230769,2020-06-19,2020
Blue Thumb,Clear Boggy Creek: Winter Smith Bridge,OK410400-04-0010X,OK410400040010_00,11140104,Lower Red R.,OK410400-04-0010X_2,2011-07-28,2,49148,19.6,7.2,11.3,18.1,0.0,0.0,7.7,1.4,8.326295726,5.6,9.866666667,89.09296239,0.890929624,B,1.0,0.875,0.898094297,2011-07-28,2011
Blue Thumb,Clear Boggy Creek: Winter Smith Bridge,OK410400-04-0010X,OK410400040010_00,11140104,Lower Red R.,OK410400-04-0010X_3,2015-08-05,3,55732,7.1,8.5,20.0,17.9,0.0,0.0,5.0,1.8,9.801140109,4.3,10.0,84.40114011,0.844011401,B,1.0,0.725,0.846855801,2015-08-05,2015
Blue Thumb,Cloudy Creek: Glass,OK410210-02-0300H,OK410210020300_00,11140107,Little R.,OK410210-02-0300H_3,2016-07-26,4,56719,19.6,14.2,14.0,18.3,0.0,0.0,6.7,0.5,10.0,9.4,10.0,102.7,1.0,A,0.0,0.975,0.921153846,2016-07-26,2016
Blue Thumb,Coal Creek: EW 137 Road (Mail Route Road),OK220600-01-0200K,OK220600010200_00,11090204,Canadian R.,OK220600-01-0200K_3,2011-06-22,3,48467,19.2,5.2,20.2,17.9,4.1,0.0,0.5,2.4,8.712323819,5.9,10.0,94.11232382,0.941123238,A,0.5,1.0,0.911719663,2011-06-22,2011
Blue Thumb,Coal Creek: Hwy 11,OK121300-01-0090M,OK121300010090_00,11070107,Arkansas R.,OK121300-01-0090M_5,2021-02-26,5,65074,19.3,13.3,19.1,18.6,14.7,0.0,0.7,1.9,9.945823122,5.7,8.533333333,111.7791565,1.0,A,1.0,0.325,0.948076923,2021-02-26,2021
Blue Thumb,Coal Creek: Hwy 11,OK121300-01-0090M,OK121300010090_00,11070107,Arkansas R.,OK121300-01-0090M_4,2016-08-19,4,56751,19.5,11.2,19.9,17.3,14.7,0.0,0.7,1.1,9.928270451,5.4,9.733333333,109.4616038,1.0,A,1.0,0.4,0.953846154,2016-08-19,2016
Blue Thumb,Coal Creek: Hwy 11,OK121300-01-0090M,OK121300010090_00,11070107,Arkansas R.,OK121300-01-0090M_2,2007-08-20,2,38173,11.6,10.1,17.8,19.9,14.7,0.0,0.7,0.8,9.336761946,2.4,10.0,97.33676195,0.973367619,A,1.0,0.425,0.933234139,2007-08-20,2007
Blue Thumb,Coal Creek: Morris Park,OK120420-03-0030M,OK120420020030_10,11110101,Arkansas R.,OK120420-03-0030M_5,2021-03-08,5,65070,19.0,10.0,15.7,17.7,0.0,0.0,0.5,5.0,9.27513447,4.7,6.0,87.87513447,0.878751345,B,1.0,0.631578947,0.869064903,2021-03-08,2021
Blue Thumb,Coffee Creek: Hwy 66,OK520710-01-0090C,OK520710010090_00,11100303,Canadian R.,OK520710-01-0090C_4,2020-07-16,4,63598,11.8,3.9,14.0,2.4,16.3,0.0,0.7,1.1,9.278949901,4.2,8.666666667,72.34561657,0.723456166,C,0.0,0.9,0.681385987,2020-07-16,2020
Blue Thumb,Coffee Creek: N. Sooner Rd.,OK520710-01-0100R,OK520710010100_00,11100303,Canadian R.,OK520710-01-0100R_4,2019-07-15,4,62321,9.6,1.9,13.0,11.7,14.1,0.0,0.4,1.8,7.242487646,3.9,9.333333333,72.97582098,0.72975821,C,1.0,0.225,0.711718485,2019-07-15,2019
Blue Thumb,Cow Creek: West Virginia Avenue,OK620900-04-0200D,OK620900040200_00,11050003,Cimarron R.,OK620900-04-0200D_2,2009-07-01,2,44199,19.6,10.2,18.5,18.2,4.1,0.0,5.0,5.4,6.102209769,3.5,10.0,100.6022098,1.0,A,0.0,0.526315789,0.886639676,2009-07-01,2009
Blue Thumb,Crow Creek: Zink Park,OK120420-01-0090G,OK120420010090_00,11110101,Arkansas R.,OK120420-01-0090G_5,2021-02-26,5,65067,19.4,10.1,17.2,19.7,15.2,0.0,9.9,3.2,9.878709076,1.4,6.6,112.5787091,1.0,A,1.0,-0.175,0.909615385,2021-02-26,2021
Blue Thumb,Crow Creek: Zink Park,OK120420-01-0090G,OK120420010090_00,11110101,Arkansas R.,OK120420-01-0090G_3,2012-06-13,3,49690,19.6,8.3,20.0,16.7,9.0,0.0,7.7,1.8,7.727329442,1.1,9.2,101.1273294,1.0,A,1.0,0.388888889,0.952991453,2012-06-13,2012
Blue Thumb,Crow Creek: Zink Park,OK120420-01-0090G,OK120420010090_00,11110101,Arkansas R.,OK120420-01-0090G_4,2016-07-11,4,56716,19.4,10.2,9.0,20.0,13.3,0.0,7.7,1.9,7.312377731,1.6,9.733333333,100.1457111,1.0,A,1.0,0.1,0.930769231,2016-07-11,2016
Blue Thumb,Crow Creek: Zink Park,OK120420-01-0090G,OK120420010090_00,11110101,Arkansas R.,OK120420-01-0090G_2,2007-08-21,2,38174,16.1,4.5,5.5,19.4,11.4,0.0,12.3,,9.468054698,0.8,10.0,8.94680547,0.089468055,F,1.0,0.55,0.194934508,2007-08-21,2007
Blue Thumb,Crutcho Creek: First Baptist Church,OK520520-00-0090R,OK520520000090_00,11100302,Canadian R.,OK520520-00-0090R_4,2018-07-24,4,60214,18.5,10.5,3.8,17.5,4.1,0.0,0.4,5.7,6.856131596,5.7,9.866666667,82.92279826,0.829227983,B,1.0,-0.175,0.765115986,2018-07-24,2018
Blue Thumb,Crutcho Creek: First Baptist Church,OK520520-00-0090R,OK520520000090_00,11100302,Canadian R.,OK520520-00-0090R_3,2014-07-08,3,53892,19.2,9.7,5.5,19.2,11.4,0.0,0.4,6.5,7.728064807,4.0,9.6,93.22806481,0.932280648,A,1.0,0.425,0.898468241,2014-07-08,2014
Blue Thumb,Crutcho Creek: I-40,OK520520-00-0070X,OK520520000070_00,11100302,Canadian R.,OK520520-00-0070X_4,2018-07-23,4,60213,16.0,6.5,17.6,15.0,2.2,0.0,2.3,-0.1,9.165854818,4.2,9.866666667,82.73252148,0.827325215,B,1.0,0.3,0.800044413,2018-07-23,2018
Blue Thumb,Crutcho Creek: I-40,OK520520-00-0070X,OK520520000070_00,11100302,Canadian R.,OK520520-00-0070X_2,2008-07-24,2,41756,18.9,6.3,20.2,18.3,4.1,0.0,15.1,0.0,8.105446099,3.0,9.866666667,103.8721128,1.0,A,1.0,0.575,0.967307692,2008-07-24,2008
Blue Thumb,Crutcho Creek: I-40,OK520520-00-0070X,OK520520000070_00,11100302,Canadian R.,OK520520-00-0070X_3,2014-08-27,3,53915,18.3,3.8,19.2,10.7,4.1,0.0,16.5,-0.1,9.65082447,6.3,9.6,98.05082447,0.980508245,A,1.0,0.725,0.96235313,2014-08-27,2014
Blue Thumb,Deep Fork River: Britton Road,OK520710-02-0060R,OK520710020060_00,11100303,Canadian R.,OK520710-02-0060R_3,2012-06-25,3,49696,10.9,4.5,13.6,3.8,5.9,0.0,0.4,2.0,9.432510079,7.0,8.666666667,66.19917675,0.661991767,D,1.0,0.868421053,0.703871576,2012-06-25,2012
Blue Thumb,Deep Fork River: Britton Road,OK520710-02-0060R,OK520710020060_00,11100303,Canadian R.,OK520710-02-0060R_2,2008-07-23,2,41755,10.2,3.4,18.8,3.5,0.0,0.0,0.7,3.2,9.94245267,5.7,4.0,59.44245267,0.594424527,F,1.0,1.0,0.656820754,2008-07-23,2008
Blue Thumb,Deep Fork River: E 0930 Road,OK520700-04-0010G,OK520700040010_00,11100303,Canadian R.,OK520700-04-0010G_1,2005-08-12,1,33759,0.6,19.6,0.0,11.5,0.0,0.0,0.4,0.3,8.571037798,3.8,9.866666667,54.63770446,0.546377045,F,1.0,1.0,0.616165192,2005-08-12,2005
Blue Thumb,Deep Fork River: Hwy 56 Bridge,OK520700-02-0010R,OK520700020010_10,11100303,Canadian R.,OK520700-02-0010R_3,2011-06-23,3,48468,19.5,6.4,14.6,5.1,4.1,0.0,12.3,-0.1,7.493858692,1.9,10.0,81.29385869,0.812938587,B,0.5,1.0,0.803255727,2011-06-23,2011
Blue Thumb,Deep Fork River: Hwy 56 Bridge,OK520700-02-0010R,OK520700020010_10,11100303,Canadian R.,OK520700-02-0010R_2,2006-08-11,2,36248,15.4,9.9,14.0,8.2,0.0,0.0,15.1,-0.1,4.567744541,5.8,10.0,82.86774454,0.828677445,B,0.0,1.0,0.778111684,2006-08-11,2006
Blue Thumb,Deep Fork River: River Bend,OK520700-01-0120F,OK520700010120_00,11100303,Canadian R.,OK520700-01-0120F_1,2004-09-20,1,31146,6.9,2.6,14.6,1.1,9.0,0.0,13.7,2.0,9.171909863,3.8,8.8,71.67190986,0.716719099,C,0.0,1.0,0.683377699,2004-09-20,2004
Blue Thumb,Deep Fork River: Rocky Shoals,OK520700-01-0120C,OK520700010120_00,11100303,Canadian R.,OK520700-01-0120C_2,2006-07-08,2,35750,15.0,4.5,13.4,9.3,10.3,0.0,16.5,6.0,4.526407169,2.4,9.6,91.52640717,0.915264072,A,0.0,1.0,0.851377292,2006-07-08,2006
Blue Thumb,Deer Creek: Coffee Creek Rd.,OK620910-04-0120F,OK620910040120_00,11050002,Cimarron R.,OK620910-04-0120F_4,2019-07-27,4,62327,15.3,4.9,14.6,11.7,16.1,0.0,2.8,1.5,8.291028513,2.4,9.466666667,87.05769518,0.870576952,B,0.5,0.025,0.777026652,2019-07-27,2019
Blue Thumb,Deer Creek: Hwy 4,OK620910-04-0120T,OK620910040120_10,11050002,Cimarron R.,OK620910-04-0120T_2,2006-08-23,2,36251,9.1,11.7,0.0,19.9,15.2,0.0,1.8,7.9,8.243515908,3.4,10.0,87.24351591,0.872435159,B,0.0,0.8,0.799752827,2006-08-23,2006
Blue Thumb,Deer Creek: Meridian Avenue,OK620910-04-0120G,OK620910040120_10,11050002,Cimarron R.,OK620910-04-0120G_2,2009-08-17,2,44245,18.0,5.1,13.3,18.7,15.9,0.0,7.7,4.3,5.511406486,3.0,10.0,101.5114065,1.0,A,0.5,0.975,0.959615385,2009-08-17,2009
Blue Thumb,Deer Creek: Meridian Avenue,OK620910-04-0120G,OK620910040120_10,11050002,Cimarron R.,OK620910-04-0120G_3,2014-08-20,3,53907,16.6,3.2,20.0,14.9,12.4,0.0,1.4,3.4,6.502991713,4.0,9.866666667,92.26965838,0.922696584,A,1.0,0.65,0.90766634,2014-08-20,2014
Blue Thumb,Delaware Creek: Camp Simpson Witch Hole,OK410400-03-0240W,OK410400030240_00,11140104,Lower Red R.,OK410400-03-0240W_2,2010-07-23,2,48327,15.0,9.8,17.8,18.1,14.7,0.0,15.1,-0.1,7.092041132,5.2,9.866666667,112.5587078,1.0,A,1.0,0.95,0.996153846,2010-07-23,2010
Blue Thumb,Doe Creek: Yearling,OK621200-05-0170F,OK621200050170_00,11060006,Arkansas R.,OK621200-05-0170F_3,2011-06-02,3,48462,18.5,3.8,0.0,17.0,0.0,0.0,6.7,1.9,6.082739785,2.8,9.6,66.38273979,0.663827398,D,0.0,0.875,0.629007798,2011-06-02,2011
Blue Thumb,Dog Creek: Blue Starr Dr.,OK121500-04-0010L,OK121500040010_10,11070105,Arkansas R.,OK121500-04-0010L_5,2021-03-08,5,65065,11.6,11.1,16.1,19.2,5.9,0.0,6.7,2.4,9.939859019,4.8,9.733333333,97.47319235,0.974731924,A,1.0,0.447368421,0.936109199,2021-03-08,2021
Blue Thumb,Double Spring Creek: W 730 Road,OK121600-01-0090D,OK121600010090_00,11070209,Arkansas R.,OK121600-01-0090D_2,2010-08-10,2,48342,18.4,13.2,19.3,19.0,16.2,0.0,1.8,2.4,6.546311418,6.7,10.0,113.5463114,1.0,A,0.0,1.0,0.923076923,2010-08-10,2010
Blue Thumb,Duck Creek: Myers Park,OK620900-04-0195G,OK620900040195_00,11050003,Cimarron R.,OK620900-04-0195G_2,2009-06-17,2,44189,15.4,8.5,0.0,18.2,4.1,0.0,6.7,0.9,8.561876825,3.9,8.666666667,74.92854349,0.749285435,C,1.0,0.575,0.755164599,2009-06-17,2009
Blue Thumb,East Cache Creek: Big Green,OK311300-02-0010H,OK311300020010_05,11130202,Upper Red R.,OK311300-02-0010H_3,2013-06-26,3,51645,17.4,3.8,17.2,11.8,12.4,0.0,1.8,1.1,9.501150645,5.8,9.6,90.40115064,0.904011506,A,1.0,0.475,0.878394351,2013-06-26,2013
Blue Thumb,East Cache Creek: Big Green,OK311300-02-0010H,OK311300020010_05,11130202,Upper Red R.,OK311300-02-0010H_2,2009-07-15,2,44214,16.2,9.6,18.7,10.6,16.1,0.0,2.8,1.1,8.901533858,3.7,10.0,97.70153386,0.977015339,A,1.0,0.894736842,0.972454275,2009-07-15,2009
Blue Thumb,East Cache Creek: Big Green,OK311300-02-0010H,OK311300020010_05,11130202,Upper Red R.,OK311300-02-0010H_4,2019-08-14,4,62332,14.5,9.3,19.4,9.6,16.1,0.0,1.0,2.4,8.74148925,5.7,9.466666667,96.20815592,0.962081559,A,0.5,0.175,0.865992088,2019-08-14,2019
Blue Thumb,East Cache Creek: Rodgers Lane,OK311300-02-0010J,OK311300020010_05,11130202,Upper Red R.,OK311300-02-0010J_3,2013-06-27,3,51646,19.2,4.1,13.3,6.5,16.3,0.0,5.8,0.5,5.435595068,3.9,10.0,85.03559507,0.850355951,B,1.0,0.85,0.861839651,2013-06-27,2013
Blue Thumb,East Cache Creek: Rodgers Lane,OK311300-02-0010J,OK311300020010_05,11130202,Upper Red R.,OK311300-02-0010J_4,2019-08-15,4,62333,15.9,10.0,14.0,9.6,15.2,0.0,0.4,2.4,9.769846848,5.7,10.0,92.96984685,0.929698468,A,1.0,0.625,0.911667934,2019-08-15,2019
Blue Thumb,Elm Creek: Indian Hills Road,OK520810-00-0100C,OK520810000100_00,11090203,Canadian R.,OK520810-00-0100C_4,2020-06-17,4,63592,7.6,2.9,19.2,13.3,2.2,0.0,1.8,1.2,6.265424952,8.5,9.6,72.56542495,0.72565425,C,0.0,0.6,0.660168981,2020-06-17,2020
Blue Thumb,Elm Creek: Indian Hills Road,OK520810-00-0100C,OK520810000100_00,11090203,Canadian R.,OK520810-00-0100C_3,2015-06-02,3,55658,7.7,1.2,14.6,17.9,15.9,0.0,5.8,-0.1,7.365721268,2.9,6.6,79.86572127,0.798657213,B,0.5,1.0,0.791171488,2015-06-02,2015
Blue Thumb,Ewers Creek: D0418 Road,OK620920-01-0190K,OK620920010190_00,11050001,Cimarron R.,OK620920-01-0190K_3,2012-07-09,3,49705,13.4,2.4,16.5,8.6,0.0,0.0,5.8,3.7,9.854455361,7.2,4.6,72.05445536,0.720544554,C,0.0,0.921052632,0.680541748,2012-07-09,2012
Blue Thumb,Ewers Creek: D0418 Road,OK620920-01-0190K,OK620920010190_00,11050001,Cimarron R.,OK620920-01-0190K_1,2004-09-30,1,31149,3.1,0.4,0.0,8.3,16.2,0.0,12.3,2.0,9.820990063,6.3,8.666666667,67.08765673,0.670876567,D,0.0,0.975,0.642664787,2004-09-30,2004
Blue Thumb,Feather Creek: Old Hwy 51,OK620900-02-0060C,OK620900020060_00,11050003,Cimarron R.,OK620900-02-0060C_2,2009-07-02,2,44201,17.4,8.1,0.0,19.6,15.2,0.0,5.0,2.2,9.40780018,5.8,9.866666667,92.57446685,0.925744668,A,1.0,0.9,0.929476258,2009-07-02,2009
Blue Thumb,Feather Creek: Old Hwy 51,OK620900-02-0060C,OK620900020060_00,11050003,Cimarron R.,OK620900-02-0060C_3,2014-07-21,3,53896,19.5,8.4,0.0,18.3,10.3,0.0,7.7,1.6,9.198560695,5.3,10.0,90.2985607,0.902985607,A,0.5,0.65,0.852526283,2014-07-21,2014
Blue Thumb,Feather Creek: Old Hwy 51,OK620900-02-0060C,OK620900020060_00,11050003,Cimarron R.,OK620900-02-0060C_1,2005-08-25,1,33763,9.4,4.3,13.0,20.0,14.1,0.0,5.0,1.6,9.655727055,3.9,10.0,90.95572705,0.909557271,A,0.5,1.0,0.885009999,2005-08-25,2005
Blue Thumb,Feather Creek: Old Hwy 51,OK620900-02-0060C,OK620900020060_00,11050003,Cimarron R.,OK620900-02-0060C_4,2020-08-03,4,63600,15.8,5.4,3.5,19.1,15.6,0.0,5.0,3.9,9.814067821,5.7,9.066666667,92.88073449,0.928807345,A,1.0,0.95,0.935913907,2020-08-03,2020
Blue Thumb,Flat Rock Creek: Hwy 75,OK121300-01-0120D,OK121300010120_00,11070107,Arkansas R.,OK121300-01-0120D_3,2012-07-19,3,49713,19.3,6.8,17.2,6.6,15.2,0.0,1.8,1.5,9.196248101,4.6,9.6,91.7962481,0.917962481,A,0.5,0.7,0.869045176,2012-07-19,2012
Blue Thumb,Flat Rock Creek: Hwy 75,OK121300-01-0120D,OK121300010120_00,11070107,Arkansas R.,OK121300-01-0120D_2,2007-07-24,2,37912,15.1,7.0,14.0,9.4,15.2,0.0,2.3,1.8,5.431104895,1.7,10.0,81.9311049,0.819311049,B,0.5,0.65,0.781724734,2007-07-24,2007
Blue Thumb,Flat Rock Creek: Hwy 75,OK121300-01-0120D,OK121300010120_00,11070107,Arkansas R.,OK121300-01-0120D_1,2004-08-24,1,30960,1.8,7.3,19.3,7.4,11.4,0.0,6.7,0.0,9.793807525,1.4,10.0,75.09380753,0.750938075,C,0.0,0.875,0.702716833,2004-08-24,2004
Blue Thumb,"Flint Creek: Fiddlers Bend, Above Illinois River",OK121700-03-0290B,OK121700030290_00,11110103,Illinois R.,OK121700-03-0290B_3,2013-07-17,3,51654,17.6,15.0,18.8,16.8,16.1,0.0,2.3,1.3,8.631453581,6.3,9.6,112.4314536,1.0,A,0.0,0.631578947,0.894736842,2013-07-17,2013
Blue Thumb,"Flint Creek: Fiddlers Bend, Above Illinois River",OK121700-03-0290B,OK121700030290_00,11110103,Illinois R.,OK121700-03-0290B_2,2008-08-05,2,41758,19.1,19.6,0.0,10.3,16.2,0.0,0.4,,9.795691898,3.7,9.733333333,8.882902523,0.088829025,F,0.0,0.975,0.150163021,2008-08-05,2008
Blue Thumb,Fourche Maline Creek: Black Loop,OK220100-04-0020P,OK220100040020_10,11110105,Arkansas R.,OK220100-04-0020P_2,2007-06-07,2,37350,15.8,15.1,15.0,20.0,15.6,0.0,0.5,3.7,9.338392693,3.6,10.0,108.6383927,1.0,A,0.0,0.925,0.917307692,2007-06-07,2007
Blue Thumb,Fourche Maline Creek: Black Loop,OK220100-04-0020P,OK220100040020_10,11110105,Arkansas R.,OK220100-04-0020P_3,2011-07-06,3,48474,13.1,15.0,5.0,20.0,13.3,0.0,0.7,2.2,4.906469153,2.0,6.0,82.20646915,0.822064692,B,0.0,1.0,0.772516278,2011-07-06,2011
Blue Thumb,Fourche Maline Creek: Centerpoint Road,OK220100-04-0020T,OK220100040020_10,11110105,Arkansas R.,OK220100-04-0020T_2,2006-08-24,2,36252,10.7,4.0,14.6,19.5,0.0,0.0,16.5,0.5,8.793591675,5.8,10.0,90.39359168,0.903935917,A,0.0,0.975,0.839868853,2006-08-24,2006
Blue Thumb,Fourche Maline Creek: Robbers Cave State Park,OK220100-04-0020X,OK220100040020_10,11110105,Arkansas R.,OK220100-04-0020X_2,2007-06-06,2,37349,19.4,16.2,18.2,18.9,9.0,0.0,16.5,2.5,5.444905952,8.2,10.0,124.344906,1.0,A,1.0,1.0,1.0,2007-06-06,2007
Blue Thumb,Fourmile Creek: Adams Park,OK520530-00-0060M,OK520530000060_00,11100301,Canadian R.,OK520530-00-0060M_2,2009-06-19,2,44191,13.4,2.4,0.0,10.3,13.3,0.0,1.4,1.5,6.91824298,3.8,9.733333333,62.75157631,0.627515763,D,0.0,0.0,0.530974876,2009-06-19,2009
Blue Thumb,Fourmile Creek: Adams Park,OK520530-00-0060M,OK520530000060_00,11100301,Canadian R.,OK520530-00-0060M_3,2014-06-02,3,53884,18.0,6.0,0.0,11.2,9.0,0.0,1.0,1.2,9.772550454,6.1,4.6,66.87255045,0.668725505,D,0.0,0.25,0.585075427,2014-06-02,2014
Blue Thumb,Fourmile Creek: Adams Park,OK520530-00-0060M,OK520530000060_00,11100301,Canadian R.,OK520530-00-0060M_4,2019-07-29,4,62328,13.8,3.1,0.0,2.7,4.1,0.0,0.4,2.0,7.862453587,4.8,4.4,43.16245359,0.431624536,F,0.0,0.025,0.367143838,2019-07-29,2019
Blue Thumb,Fred Creek: Evanston,OK120420-01-0060G,OK120420010060_00,11110101,Arkansas R.,OK120420-01-0060G_5,2021-02-23,5,65072,9.0,6.2,10.5,0.7,9.0,0.0,0.4,2.0,8.402125878,0.1,5.0,51.30212588,0.513021259,F,1.0,0.0,0.511017988,2021-02-23,2021
Blue Thumb,Fred Creek: Evanston,OK120420-01-0060G,OK120420010060_00,11110101,Arkansas R.,OK120420-01-0060G_3,2015-06-30,3,55664,19.5,7.0,7.1,6.7,13.3,0.0,4.2,0.7,10.0,0.7,3.4,72.6,0.726,C,0.0,0.5,0.652769231,2015-06-30,2015
Blue Thumb,Fred Creek: Evanston,OK120420-01-0060G,OK120420010060_00,11110101,Arkansas R.,OK120420-01-0060G_2,2007-08-16,2,38170,15.5,9.1,18.5,18.6,4.1,0.0,2.3,0.8,7.046496848,1.7,10.0,87.64649685,0.876464968,B,0.5,0.025,0.782008819,2007-08-16,2007
Blue Thumb,Gobbler Creek Trib: EW 132 Road,OK220600-01-0165D,,11090204,Canadian R.,OK220600-01-0165D_2,2010-06-24,2,48224,19.6,10.7,1.6,19.4,6.2,0.0,0.8,4.7,6.801597347,5.1,10.0,84.90159735,0.849015973,B,1.0,1.0,0.872244285,2010-06-24,2010
Blue Thumb,Guy James Creek: NW Eubanks St.,OK520710-02-0140T,OK520710020140_00,11100303,Canadian R.,OK520710-02-0140T_4,2018-06-14,4,60204,16.8,6.2,16.3,17.3,11.4,0.0,1.0,6.2,9.676426436,3.0,8.533333333,96.40975977,0.964097598,A,1.0,0.05,0.896544121,2018-06-14,2018
Blue Thumb,Guy James Creek: NW Eubanks St.,OK520710-02-0140T,OK520710020140_00,11100303,Canadian R.,OK520710-02-0140T_3,2014-08-29,3,53921,17.7,8.2,10.8,17.8,13.3,0.0,5.8,4.3,6.191145987,2.5,6.8,93.39114599,0.93391146,A,1.0,0.475,0.903694312,2014-08-29,2014
Blue Thumb,Haikey Creek: 121st Street,OK120410-01-0210G,OK120410010210_00,11110101,Arkansas R.,OK120410-01-0210G_2,2007-07-25,2,37917,14.2,6.1,14.6,11.9,4.1,0.0,13.7,1.1,6.303134433,1.9,8.933333333,82.83646777,0.828364678,B,1.0,0.925,0.849000881,2007-07-25,2007
Blue Thumb,Harlow Creek: Edison,OK120420-01-0170F,OK120420010170_00,11110101,Arkansas R.,OK120420-01-0170F_2,2006-06-08,2,35736,14.5,11.5,4.5,18.0,5.9,0.0,15.1,3.9,8.055865523,5.5,10.0,96.95586552,0.969558655,A,0.0,0.55,0.862703477,2006-06-08,2006
Blue Thumb,Honey Creek: Needham,OK121600-03-0445N,OK121600030445_00,11070206,Arkansas R.,OK121600-03-0445N_1,2004-08-18,1,30959,7.2,9.8,14.6,16.4,16.3,0.0,5.0,0.8,9.577739726,4.0,9.333333333,93.01107306,0.930110731,A,0.0,0.9,0.856247542,2004-08-18,2004
Blue Thumb,Jimmy Creek: Prose,OK311300-01-0400C,OK311300040100_00,11130202,Upper Red R.,OK311300-01-0400C_3,2014-05-27,3,53883,16.1,10.5,12.1,13.3,10.3,0.0,1.8,0.1,7.209601901,6.9,10.0,88.3096019,0.883096019,B,1.0,0.8,0.885696631,2014-05-27,2014
Blue Thumb,Jimmy Creek: Prose,OK311300-01-0400C,OK311300040100_00,11130202,Upper Red R.,OK311300-01-0400C_2,2007-08-08,2,38166,16.4,7.8,17.2,16.4,15.9,0.0,2.8,1.0,9.84187412,5.1,10.0,102.4418741,1.0,A,1.0,0.842105263,0.987854251,2007-08-08,2007
Blue Thumb,Lariat Creek: E 940 (American Horse Road),OK520620-01-0060T,OK520620010060_00,11090201,Canadian R.,OK520620-01-0060T_2,2009-06-18,2,44190,10.7,3.3,0.0,20.0,16.1,0.0,0.4,3.1,4.961064983,3.6,9.6,71.76106498,0.71761065,C,1.0,0.725,0.739901319,2009-06-18,2009
Blue Thumb,Little Beaver Creek: E 0030 Road,OK621210-00-0080T,OK621210000080_00,11060001,Arkansas R.,OK621210-00-0080T_1,2004-09-07,1,31144,4.7,17.1,14.6,18.0,5.9,0.0,9.9,1.9,9.35004512,0.4,10.0,91.85004512,0.918500451,A,0.0,0.95,0.850269612,2004-09-07,2004
Blue Thumb,"Little Deep Creek: Weatherford, Upstream of Treat",OK520620-06-0040C,OK520620060040_00,11090201,Canadian R.,OK520620-06-0040C_3,2014-06-27,3,53888,17.9,5.2,20.2,15.0,16.1,0.0,0.5,4.4,9.013938075,3.2,9.333333333,100.8472714,1.0,A,1.0,0.867647059,0.989819005,2014-06-27,2014
Blue Thumb,"Little Deep Creek: Weatherford, Upstream of Treat",OK520620-06-0040C,OK520620060040_00,11090201,Canadian R.,OK520620-06-0040C_4,2019-07-25,4,62325,18.9,6.4,0.0,6.3,16.1,0.0,1.4,3.1,7.153725719,2.4,9.466666667,71.22039239,0.712203924,C,0.5,0.65,0.691095628,2019-07-25,2019
Blue Thumb,Little Deep Fork: Hwy 48,OK520700-06-0130F,OK520700060130_00,11100303,Canadian R.,OK520700-06-0130F_2,2010-08-27,2,48351,14.5,4.6,17.2,17.2,16.3,0.0,0.7,1.0,5.871005814,4.2,10.0,91.57100581,0.915710058,A,0.5,1.0,0.890216203,2010-08-27,2010
Blue Thumb,Little Mountain Trib. of Mountain Creek: N 4660,OK220100-01-0190M,OK220100010270_00,11110105,Arkansas R.,OK220100-01-0190M_2,2007-08-02,2,38162,19.6,13.5,17.9,19.1,13.3,0.0,4.2,0.7,8.871222785,2.2,9.866666667,109.2378895,1.0,A,1.0,0.925,0.994230769,2007-08-02,2007
Blue Thumb,Little Mountain Trib. of Mountain Creek: N 4660,OK220100-01-0190M,OK220100010270_00,11110105,Arkansas R.,OK220100-01-0190M_3,2011-08-09,3,49160,17.0,16.1,19.6,14.0,0.0,0.0,16.5,0.9,8.813030929,4.6,9.466666667,106.9796976,1.0,A,1.0,0.975,0.998076923,2011-08-09,2011
Blue Thumb,Little Polecat Creek: Jones,OK120420-02-0260M,OK120420020260_00,11110101,Arkansas R.,OK120420-02-0260M_2,2010-06-17,2,48220,15.6,6.2,13.5,19.7,14.1,0.0,12.3,0.8,9.264041038,6.0,10.0,107.464041,1.0,A,1.0,0.975,0.998076923,2010-06-17,2010
Blue Thumb,Little River: SW 34th Street,OK520810-00-0080T,OK520810000080_00,11090203,Canadian R.,OK520810-00-0080T_4,2018-07-19,4,60212,17.3,6.0,10.8,16.6,12.4,0.0,1.4,2.0,5.008007002,2.8,9.066666667,83.37467367,0.833746737,B,1.0,-0.05,0.778554931,2018-07-19,2018
Blue Thumb,Little River: SW 34th Street,OK520810-00-0080T,OK520810000080_00,11090203,Canadian R.,OK520810-00-0080T_3,2014-07-07,3,53891,11.9,2.6,3.0,18.4,13.3,0.0,0.4,2.2,4.206063142,3.6,9.333333333,68.93939647,0.689393965,D,1.0,0.675,0.712179509,2014-07-07,2014
Blue Thumb,Little Sandy Creek: Chamber Loop,OK520600-03-0020W,OK520600030020_00,11090202,Canadian R.,OK520600-03-0020W_3,2015-08-04,3,55731,19.3,11.9,3.5,18.7,15.9,0.0,1.4,0.5,8.473635103,3.8,3.2,86.6736351,0.866736351,B,1.0,0.1,0.818007682,2015-08-04,2015
Blue Thumb,Little Sandy Creek: Hwy 99,OK520600-03-0020C,OK520600030020_00,11090202,Canadian R.,OK520600-03-0020C_4,2020-06-11,4,63591,17.7,7.9,15.7,15.0,16.3,0.0,0.4,2.2,9.925593536,6.3,9.466666667,100.8922602,1.0,A,1.0,1.0,1.0,2020-06-11,2020
Blue Thumb,Little Stillwater Creek: Hwy 51 (Diamond Valley Church),OK620900-04-0050M,OK620900040050_00,11050003,Cimarron R.,OK620900-04-0050M_2,2009-06-30,2,44198,13.0,3.9,20.2,19.5,2.2,0.0,9.9,0.4,9.946215417,4.5,10.0,93.54621542,0.935462154,A,1.0,0.55,0.910775669,2009-06-30,2009
Blue Thumb,Medicine Creek: Apache (Stayer),OK311300-04-0060G,OK311300040060_00,11130202,Upper Red R.,OK311300-04-0060G_3,2014-08-16,3,53898,19.6,13.4,13.8,4.4,5.9,0.0,13.7,1.4,10.0,8.3,10.0,100.5,1.0,A,1.0,0.6,0.969230769,2014-08-16,2014
Blue Thumb,Medicine Creek: Apache (Stayer),OK311300-04-0060G,OK311300040060_00,11130202,Upper Red R.,OK311300-04-0060G_2,2007-08-07,2,38165,19.5,8.8,14.6,7.9,15.9,0.0,1.8,1.3,8.606800017,5.5,10.0,93.90680002,0.939068,A,1.0,0.925,0.942672923,2007-08-07,2007
Blue Thumb,Merkle Creek: Brooks Street,OK520610-01-0200G,OK520610010200_00,11090202,Canadian R.,OK520610-01-0200G_3,2012-06-28,3,49699,19.4,7.6,12.1,19.3,5.9,0.0,7.7,0.3,9.928413192,5.0,8.666666667,95.89507986,0.958950799,A,1.0,0.725,0.944112215,2012-06-28,2012
Blue Thumb,Middle Creek: Buzzard Roost Ranch,OK220600-01-0190M,OK220600010190_00,11090204,Canadian R.,OK220600-01-0190M_4,2018-07-02,4,60206,16.3,5.7,14.6,15.8,0.0,0.0,15.1,1.0,8.574647808,7.1,9.733333333,93.90798114,0.939079811,A,0.0,0.675,0.846529071,2018-07-02,2018
Blue Thumb,Middle Creek: Buzzard Roost Ranch,OK220600-01-0190M,OK220600010190_00,11090204,Canadian R.,OK220600-01-0190M_3,2013-07-25,3,51656,18.6,7.9,13.5,17.2,0.0,0.0,9.9,-0.1,8.971925454,5.7,10.0,91.67192545,0.916719255,A,1.0,0.85,0.917993216,2013-07-25,2013
Blue Thumb,Mill Creek: McClure Park,OK121300-01-0050G,OK121300010050_00,11070107,Arkansas R.,OK121300-01-0050G_2,2007-07-23,2,37911,12.8,7.8,0.0,5.1,15.6,0.0,1.8,0.3,9.014096723,0.4,3.4,56.21409672,0.562140967,F,1.0,0.0,0.552580818,2007-07-23,2007
Blue Thumb,Mill Creek: North Daube Ranch Road,OK310800-01-0190R,OK310800010190_00,11130304,Washita R.,OK310800-01-0190R_2,2010-07-21,2,48239,19.5,9.5,14.6,17.0,5.9,0.0,13.7,0.3,9.265479483,4.1,9.6,103.4654795,1.0,A,1.0,1.0,1.0,2010-07-21,2010
Blue Thumb,Mingo Creek: 46th Street North,OK121300-01-0030C,OK121300010030_00,11070107,Arkansas R.,OK121300-01-0030C_2,2007-08-17,2,38171,19.2,14.7,15.9,17.1,14.1,0.0,11.1,1.2,9.218578026,2.2,10.0,114.718578,1.0,A,1.0,0.75,0.980769231,2007-08-17,2007
Blue Thumb,Mingo Creek: 46th Street North,OK121300-01-0030C,OK121300010030_00,11070107,Arkansas R.,OK121300-01-0030C_4,2016-08-24,4,56753,19.2,14.2,17.2,13.9,10.3,0.0,3.5,0.2,9.604425168,4.3,10.0,102.4044252,1.0,A,1.0,0.75,0.980769231,2016-08-24,2016
Blue Thumb,Mingo Creek: 46th Street North,OK121300-01-0030C,OK121300010030_00,11070107,Arkansas R.,OK121300-01-0030C_1,2004-08-25,1,30961,3.1,11.7,14.0,13.3,14.7,0.0,16.5,-0.1,9.86818117,1.3,10.0,94.36818117,0.943681812,A,1.0,1.0,0.952346149,2004-08-25,2004
Blue Thumb,Minnehaha Creek: Canton,OK520530-00-0190C,OK520530000190_00,11100301,Canadian R.,OK520530-00-0190C_2,2009-06-26,2,44196,8.7,19.6,0.0,19.9,0.0,0.0,0.4,1.2,7.502350698,3.7,10.0,71.0023507,0.710023507,C,1.0,0.45,0.712327583,2009-06-26,2009
Blue Thumb,Mooser Creek: Pepsi,OK120420-01-0070B,OK120420010070_00,11110101,Arkansas R.,OK120420-01-0070B_3,2015-06-29,3,55663,18.7,6.8,14.0,17.7,13.3,0.0,2.8,2.0,9.915725756,4.7,9.733333333,99.64905909,0.996490591,A,1.0,1.0,0.9970305,2015-06-29,2015
Blue Thumb,Mooser Creek: Pepsi,OK120420-01-0070B,OK120420010070_00,11110101,Arkansas R.,OK120420-01-0070B_4,2020-07-08,4,63596,18.1,11.7,5.0,19.4,10.3,0.0,1.8,3.4,9.424393922,5.3,9.066666667,93.49106059,0.934910606,A,1.0,0.725,0.923770513,2020-07-08,2020
Blue Thumb,Morris Creek: Gillham,OK220100-01-0170F,OK220100010170_00,11110105,Arkansas R.,OK220100-01-0170F_4,2018-08-02,4,60617,19.1,13.1,9.9,13.6,16.3,0.0,1.4,3.2,9.895950832,6.2,9.2,101.8959508,1.0,A,0.5,0.625,0.932692308,2018-08-02,2018
Blue Thumb,Mountain Creek: D 4655 (Kennedy Bridge),OK220100-01-0190K,OK220100010190_00,11110105,Arkansas R.,OK220100-01-0190K_3,2011-08-09,3,49161,16.1,13.3,0.0,10.6,2.2,0.0,16.5,-0.1,8.194836518,5.6,8.8,81.19483652,0.811948365,B,1.0,1.0,0.840879386,2011-08-09,2011
Blue Thumb,Mountain Creek: E 1400 Road (Shiloh Crossing),OK220100-01-0190G,OK220100010190_00,11110105,Arkansas R.,OK220100-01-0190G_3,2011-08-10,3,49162,14.8,6.8,5.0,11.4,0.0,0.0,16.5,-0.1,6.019372015,2.8,7.0,70.21937201,0.70219372,C,1.0,1.0,0.748010071,2011-08-10,2011
Blue Thumb,Mud Creek: E 2170 Road,OK410200-01-0210E,OK410200010210_00,11140107,Little R.,OK410200-01-0210E_2,2011-06-28,3,48470,19.5,6.9,18.4,19.3,12.4,0.0,4.2,4.0,4.496261417,1.7,10.0,100.8962614,1.0,A,1.0,1.0,1.0,2011-06-28,2011
Blue Thumb,Mud Creek: E 2170 Road,OK410200-01-0210E,OK410200010210_00,11140107,Little R.,OK410200-01-0210E_1,2005-09-01,1,33818,10.6,2.5,11.8,20.0,11.4,0.0,6.7,5.7,9.253643805,1.7,10.0,89.6536438,0.896536438,A,0.0,0.875,0.825915448,2005-09-01,2005
Blue Thumb,Mustang Creek: Morgan Road,OK520520-00-0240G,OK520520000240_00,11100301,Canadian R.,OK520520-00-0240G_1,2005-06-20,1,32952,4.0,1.5,13.5,17.9,16.2,0.0,13.7,-0.1,9.938153274,5.0,10.0,91.63815327,0.916381533,A,1.0,0.875,0.919630528,2005-06-20,2005
Blue Thumb,Mustang Creek: Morgan Road,OK520520-00-0240G,OK520520000240_00,11100301,Canadian R.,OK520520-00-0240G_2,2009-07-17,2,44218,13.5,1.8,16.1,19.8,12.4,0.0,11.1,0.5,9.853775527,6.3,10.0,101.3537755,1.0,A,1.0,1.0,1.0,2009-07-17,2009
Blue Thumb,Mustang Creek: Morgan Road,OK520520-00-0240G,OK520520000240_00,11100301,Canadian R.,OK520520-00-0240G_4,2019-07-09,4,62318,8.4,2.9,14.6,12.9,14.7,0.0,5.0,1.4,9.76922417,3.8,9.2,82.66922417,0.826692242,B,1.0,0.275,0.797585743,2019-07-09,2019
Blue Thumb,Nickel Creek: 91st Street,OK120420-02-0040G,OK120420020040_00,11110101,Arkansas R.,OK120420-02-0040G_3,2015-08-17,3,55747,16.6,6.0,16.5,15.0,14.7,0.0,6.7,3.3,8.891833847,4.5,10.0,102.1918338,1.0,A,1.0,0.5,0.961538462,2015-08-17,2015
Blue Thumb,North Fork Creek: Estates Park Bridge,OK520810-00-0170R,OK520810000170_00,11090203,Canadian R.,OK520810-00-0170R_3,2012-06-27,3,49698,19.3,7.6,4.5,12.0,0.0,0.0,2.3,-0.1,8.067488595,3.1,4.0,60.7674886,0.607674886,D,1.0,0.1875,0.605532596,2012-06-27,2012
Blue Thumb,Northeast Creek: MetroTech,OK520710-02-0110P,OK520710020110_00,11100303,Canadian R.,OK520710-02-0110P_4,2018-07-09,4,60208,17.3,6.3,15.7,19.8,4.1,0.0,3.5,3.9,9.941416947,5.1,8.933333333,94.57475028,0.945747503,A,1.0,0.5,0.915632503,2018-07-09,2018
Blue Thumb,Okmulgee Creek: 13th St.,OK520700-01-0290L,OK520700010290_00,11100303,Canadian R.,OK520700-01-0290L_5,2021-03-12,5,65062,19.1,14.2,0.0,12.5,15.2,0.0,1.8,4.7,9.369680976,5.3,8.8,90.96968098,0.90969681,A,1.0,0.425,0.879358839,2021-03-12,2021
Blue Thumb,Owasso Creek,OK121300-01-0055M,OK121300010055_00,11070107,Arkansas R.,OK121300-01-0055M_5,2021-03-03,5,65057,19.3,11.8,17.2,17.2,15.2,0.0,6.7,4.3,7.195565719,7.1,3.2,109.1955657,1.0,A,1.0,0.25,0.942307692,2021-03-03,2021
Blue Thumb,Panther Creek: Hwy 49,OK311310-02-0150G,OK311310020150_00,11130203,Upper Red R.,OK311310-02-0150G_2,2009-06-10,2,44185,17.5,7.9,2.2,19.5,10.3,0.0,11.1,0.3,1.536761321,6.0,9.6,85.93676132,0.859367613,B,1.0,0.825,0.867541826,2009-06-10,2009
Blue Thumb,Panther Creek: Hwy 49,OK311310-02-0150G,OK311310020150_00,11130203,Upper Red R.,OK311310-02-0150G_1,2005-09-26,1,33823,14.7,10.6,0.0,17.1,10.3,0.0,3.5,0.5,10.0,8.4,9.466666667,84.56666667,0.845666667,B,1.0,1.0,0.869410257,2005-09-26,2005
Blue Thumb,"Park Hill Branch: N 4520 Road, Trailer Park",OK121700-02-0270N,OK121700020270_00,11110103,Illinois R.,OK121700-02-0270N_3,2013-06-12,3,51641,18.5,10.8,19.8,20.0,15.9,0.0,16.5,0.3,9.819803852,5.4,7.4,124.4198039,1.0,A,0.0,0.473684211,0.882591093,2013-06-12,2013
Blue Thumb,Pennington Creek: Turnaround,OK310800-01-0120E,OK310800010120_00,11130304,Washita R.,OK310800-01-0120E_3,2012-05-15,3,49687,2.0,1.6,20.0,6.8,0.0,0.0,16.5,0.9,10.0,10.0,9.733333333,77.53333333,0.775333333,C,0.0,1.0,0.732974359,2012-05-15,2012
Blue Thumb,Pennington Creek: West Road Trail,OK310800-01-0120C,OK310800010120_00,11130304,Washita R.,OK310800-01-0120C_3,2012-06-20,3,49694,8.1,0.9,14.6,7.8,0.0,0.0,12.3,1.6,4.713760756,8.0,8.8,66.81376076,0.668137608,D,0.0,1.0,0.642270284,2012-06-20,2012
Blue Thumb,Polecat Creek: 49th West Ave,OK120420-02-0050J,OK120420020050_00,11110101,Arkansas R.,OK120420-02-0050J_2,2010-07-26,2,48328,15.4,4.0,14.6,6.1,16.2,0.0,9.9,0.4,7.289669697,1.6,9.6,85.0896697,0.850896697,B,0.5,0.625,0.806527974,2010-07-26,2010
Blue Thumb,Post Oak Creek: Indiahoma Road,OK311310-02-0070T,OK311310020070_00,11130203,Upper Red R.,OK311310-02-0070T_2,2009-06-09,2,44184,17.9,8.7,0.0,19.8,9.0,0.0,15.1,1.0,10.0,3.7,9.866666667,95.06666667,0.950666667,A,1.0,1.0,0.958256411,2009-06-09,2009
Blue Thumb,Post Oak Creek: Indiahoma Road,OK311310-02-0070T,OK311310020070_00,11130203,Upper Red R.,OK311310-02-0070T_1,2004-08-26,1,30962,1.4,13.3,12.1,18.4,2.2,0.0,16.5,-0.1,7.308106417,0.7,10.0,81.80810642,0.818081064,B,1.0,1.0,0.846068593,2004-08-26,2004
Blue Thumb,Quapaw Creek: Scott,OK121300-04-0030M,OK621200020110_00,11060006,Arkansas R.,OK121300-04-0030M_2,2006-08-25,2,36253,7.2,16.6,15.0,7.0,0.0,0.0,16.5,1.4,9.453944501,3.4,9.6,86.1539445,0.861539445,B,1.0,0.625,0.853994915,2006-08-25,2006
Blue Thumb,Ranch Creek: Owasso,OK121300-01-0060G,OK121300010060_00,11070107,Arkansas R.,OK121300-01-0060G_3,2012-06-12,3,49689,16.2,2.4,7.7,19.0,7.5,0.0,1.0,3.8,7.277046638,5.4,9.866666667,80.1437133,0.801437133,B,0.5,1.0,0.793523728,2012-06-12,2012
Blue Thumb,Ranch Creek: Owasso,OK121300-01-0060G,OK121300010060_00,11070107,Arkansas R.,OK121300-01-0060G_2,2007-08-22,2,38175,7.1,6.6,15.7,18.6,0.0,0.0,1.4,3.8,6.158451691,2.1,9.733333333,71.19178502,0.71191785,C,1.0,1.0,0.756238181,2007-08-22,2007
Blue Thumb,Rawhide Creek: Squires (N 2230),OK520620-02-0140D,OK520620020140_00,11090201,Canadian R.,OK520620-02-0140D_1,2005-09-14,1,33820,4.3,2.1,0.0,17.6,7.5,0.0,8.7,0.7,8.691012213,4.3,9.866666667,63.75767888,0.637576789,D,0.0,0.975,0.614488052,2005-09-14,2005
Blue Thumb,Relay Creek: Stevenson,OK520530-00-0150C,OK520530000150_00,11100301,Canadian R.,OK520530-00-0150C_2,2009-06-12,2,44187,6.2,19.6,0.0,19.5,0.0,0.0,0.4,3.9,7.752057052,3.9,9.866666667,71.11872372,0.711187237,C,1.0,0.95,0.751773816,2009-06-12,2009
Blue Thumb,Robinson Creek Tributary: N 3510 Road,OK520700-04-0190W,OK520700040410_00,11100303,Canadian R.,OK520700-04-0190W_2,2007-01-31,2,35739,0.2,6.9,0.0,18.4,0.0,0.0,16.5,1.2,3.767927254,1.5,10.0,58.46792725,0.584679273,F,0.0,0.75,0.552420923,2007-01-31,2007
Blue Thumb,Rock Creek: 40' Swimming Hole,OK310800-02-0090T,OK310800020090_00,11130303,Washita R.,OK310800-02-0090T_3,2013-06-25,3,51644,19.6,9.0,11.3,13.3,7.5,0.0,6.7,0.1,7.246871188,7.3,9.866666667,91.91353785,0.919135379,A,1.0,0.875,0.921960705,2013-06-25,2013
Blue Thumb,Rock Creek: 40' Swimming Hole,OK310800-02-0090T,OK310800020090_00,11130303,Washita R.,OK310800-02-0090T_2,2008-07-22,2,41754,18.4,6.7,14.7,12.1,5.9,0.0,16.5,0.8,4.452713991,6.4,10.0,95.95271399,0.95952714,A,1.0,0.875,0.956138349,2008-07-22,2008
Blue Thumb,Rock Creek: Hwy 33,OK120420-02-0060G,OK120420020060_00,11110101,Arkansas R.,OK120420-02-0060G_3,2014-06-24,3,53887,15.8,7.4,13.2,17.2,4.1,0.0,13.7,0.9,5.483315506,7.7,10.0,95.48331551,0.954833155,A,0.0,0.55,0.850243439,2014-06-24,2014
Blue Thumb,Rock Creek: Hwy 33,OK120420-02-0060G,OK120420020060_00,11110101,Arkansas R.,OK120420-02-0060G_2,2007-07-31,2,37920,14.3,7.7,14.6,17.0,4.1,0.0,9.9,3.9,9.342075738,2.6,9.866666667,93.3087424,0.933087424,A,0.0,0.7,0.843381666,2007-07-31,2007
Blue Thumb,Rock Creek: Oklahoma Street,OK310800-02-0122F,OK310800020122_00,11130303,Washita R.,OK310800-02-0122F_3,2013-06-24,3,51643,15.9,5.1,14.6,19.8,7.5,0.0,2.8,-0.1,9.945934419,4.1,9.333333333,88.97926775,0.889792678,B,0.0,0.361111111,0.780679275,2013-06-24,2013
Blue Thumb,Rock Creek: Oklahoma Street,OK310800-02-0122F,OK310800020122_00,11130303,Washita R.,OK310800-02-0122F_2,2008-07-21,2,41753,10.4,5.3,20.1,20.0,0.0,0.0,2.3,-0.1,9.428857629,2.8,10.0,80.22885763,0.802288576,B,0.5,0.625,0.765398026,2008-07-21,2008
Blue Thumb,Rock Creek: Oklahoma Street,OK310800-02-0122F,OK310800020122_00,11130303,Washita R.,OK310800-02-0122F_1,2005-09-19,1,33821,6.1,6.4,15.4,18.1,10.3,0.0,6.7,-0.1,9.930977349,3.2,9.866666667,85.89764402,0.85897644,B,1.0,0.7,0.857595449,2005-09-19,2005
Blue Thumb,Sanborn-Hazen Lake Creek: Strickland Park,OK620900-04-0150G,OK620900040150_00,11050003,Cimarron R.,OK620900-04-0150G_3,2014-07-22,3,53897,17.5,9.2,7.1,19.6,4.1,0.0,5.8,1.3,8.102071763,4.2,8.8,85.70207176,0.857020718,B,0.5,0.527777778,0.804231206,2014-07-22,2014
Blue Thumb,Sanborn-Hazen Lake Creek: Strickland Park,OK620900-04-0150G,OK620900040150_00,11050003,Cimarron R.,OK620900-04-0150G_4,2020-08-17,4,63605,16.5,7.1,8.3,19.5,7.5,0.0,5.0,2.4,9.45988602,3.7,8.533333333,87.99321935,0.879932194,B,1.0,0.725,0.877250318,2020-08-17,2020
Blue Thumb,Sand Creek: Osage Hills State Park,OK121400-04-0010M,OK121400040010_00,11070106,Arkansas R.,OK121400-04-0010M_3,2014-07-01,3,53890,18.1,16.5,19.1,12.0,15.6,0.0,5.0,3.8,3.801761293,5.6,9.733333333,109.2350946,1.0,A,1.0,0.815789474,0.98582996,2014-07-01,2014
Blue Thumb,Sand Creek: Osage Hills State Park,OK121400-04-0010M,OK121400040010_00,11070106,Arkansas R.,OK121400-04-0010M_2,2008-07-08,2,41749,19.6,16.4,13.4,8.9,11.4,0.0,15.1,-0.1,7.021161746,2.1,10.0,103.8211617,1.0,A,1.0,0.9,0.992307692,2008-07-08,2008
Blue Thumb,Sand Creek: Osage Hills State Park,OK121400-04-0010M,OK121400040010_00,11070106,Arkansas R.,OK121400-04-0010M_4,2020-08-10,4,63604,17.2,17.8,20.2,8.5,16.1,0.0,1.0,4.3,0.880278694,5.2,10.0,101.1802787,1.0,A,1.0,1.0,1.0,2020-08-10,2020
Blue Thumb,Sandy Creek: Propst,OK520700-03-0040K,OK520700030040_00,11100303,Canadian R.,OK520700-03-0040K_2,2010-07-29,2,48330,12.5,3.7,14.0,15.7,0.0,0.0,0.4,5.3,6.608058738,4.6,10.0,72.80805874,0.728080587,C,1.0,1.0,0.769914343,2010-07-29,2010
Blue Thumb,Sans Bois Creek,OK220200-04-0010L,OK220200040010_40,11110104,Arkansas R.,OK220200-04-0010L_4,2018-09-14,4,60621,19.5,7.6,16.7,16.7,2.2,0.0,1.0,9.8,9.793496244,5.2,9.866666667,98.36016291,0.983601629,A,0.0,0.075,0.838047532,2018-09-14,2018
Blue Thumb,Sharp Creek: Smith Grove,OK720500-02-0430D,OK720500020430_00,11100102,Canadian R.,OK720500-02-0430D_4,2020-08-08,4,63603,18.1,5.7,11.8,9.6,11.4,0.0,13.7,2.4,9.935845239,6.6,5.0,94.23584524,0.942358452,A,0.5,1.0,0.912764844,2020-08-08,2020
Blue Thumb,Sharp Creek: Smith Silo,OK720500-02-0430G,OK720500020430_00,11100102,Canadian R.,OK720500-02-0430G_4,2020-08-08,4,63602,17.2,5.7,17.2,3.6,4.1,0.0,16.5,5.9,8.770668983,6.7,5.0,90.67066898,0.90670669,A,0.0,1.0,0.84413643,2020-08-08,2020
Blue Thumb,Smith Hollow Creek: Adam Thirsty Road,OK121700-04-0070M,OK121700040070_00,11110103,Illinois R.,OK121700-04-0070M_1,2004-08-16,1,30958,6.6,11.0,15.0,18.6,11.4,0.0,2.3,0.8,6.621946528,6.6,9.866666667,88.78861319,0.887886132,B,0.0,0.875,0.818595958,2004-08-16,2004
Blue Thumb,Soldier Creek: County Road 74,OK620900-03-0160E,OK620900030160_00,11050003,Cimarron R.,OK620900-03-0160E_3,2011-06-03,3,48463,16.9,6.9,0.0,19.1,14.1,0.0,2.3,2.6,0.177119668,3.1,9.466666667,74.64378633,0.746437863,C,0.0,0.925,0.702755115,2011-06-03,2011
Blue Thumb,Soldier Creek: Hwy 66,OK520710-01-0060D,OK520710010060_00,11100303,Canadian R.,OK520710-01-0060D_2,2006-06-19,2,35741,10.4,2.2,0.0,19.1,9.0,0.0,4.2,-0.1,9.851528528,5.8,10.0,70.45152853,0.704515285,C,0.0,0.525,0.636512933,2006-06-19,2006
Blue Thumb,Soldier Creek: Reno Ave.,OK520520-00-0080G,OK520520000080_00,11100302,Canadian R.,OK520520-00-0080G_4,2020-07-01,4,63595,19.4,12.0,20.0,15.0,12.4,0.0,5.8,0.9,-4.346596002,5.8,3.0,89.953404,0.89953404,A,1.0,0.05,0.841913418,2020-07-01,2020
Blue Thumb,South Fork Cavalry Creek: Byrd,OK310830-03-0080P,OK310830030080_00,11130302,Washita R.,OK310830-03-0080P_3,2012-07-11,3,49707,12.8,4.3,0.0,10.1,0.0,0.0,8.7,0.4,10.0,8.5,8.666666667,63.46666667,0.634666667,D,0.0,0.131578947,0.547147099,2012-07-11,2012
Blue Thumb,South Quapaw Creek: Meeker Lake Coutfall,OK520700-04-0350X,OK520700040350_00,11100303,Canadian R.,OK520700-04-0350X_3,2012-06-26,3,49697,15.7,2.4,20.2,16.6,16.1,0.0,6.7,0.5,9.681685414,6.8,9.2,103.8816854,1.0,A,0.0,0.789473684,0.906882591,2012-06-26,2012
Blue Thumb,Spring Creek: Cavalier Road,OK121600-01-0290C,OK121600010290_00,11070209,Arkansas R.,OK121600-01-0290C_2,2010-08-12,2,48344,15.9,18.3,17.2,8.1,16.3,0.0,1.4,1.6,9.252420632,3.4,10.0,101.4524206,1.0,A,0.0,0.975,0.921153846,2010-08-12,2010
Blue Thumb,Spring Creek: Coopers,OK121600-01-0290B,OK121600010290_00,11070209,Arkansas R.,OK121600-01-0290B_3,2015-08-21,3,55750,16.6,14.8,15.0,9.2,16.1,0.0,0.7,1.1,9.441780972,5.6,10.0,98.54178097,0.98541781,A,0.0,1.0,0.910738147,2015-08-21,2015
Blue Thumb,Spring Creek: Fram Site,OK121600-01-0290R,OK121600010290_00,11070209,Arkansas R.,OK121600-01-0290R_4,2017-07-31,4,58622,19.4,14.6,20.0,12.9,0.0,0.0,0.4,2.7,9.936099878,2.2,10.0,92.13609988,0.921360999,A,1.0,0.55,0.898843922,2017-07-31,2017
Blue Thumb,Spring Creek: Fram Site,OK121600-01-0290R,OK121600010290_00,11070209,Arkansas R.,OK121600-01-0290R_2,2008-09-02,2,41760,19.6,14.2,20.2,16.9,16.2,0.0,0.4,2.2,9.893990086,3.4,10.0,112.9939901,1.0,A,1.0,1.0,1.0,2008-09-02,2008
Blue Thumb,Spring Creek: I-35,OK520710-02-0030G,OK520710020030_00,11100303,Canadian R.,OK520710-02-0030G_4,2018-07-17,4,60210,8.8,1.7,1.2,13.2,9.0,0.0,0.4,2.0,9.254166455,4.5,9.866666667,59.92083312,0.599208331,D,0.5,0.555555556,0.588219015,2018-07-17,2018
Blue Thumb,Spring Creek: I-35,OK520710-02-0030G,OK520710020030_00,11100303,Canadian R.,OK520710-02-0030G_3,2014-08-11,3,53902,3.2,1.3,16.3,16.2,9.0,0.0,0.7,2.9,9.877628183,3.0,4.8,67.27762818,0.672776282,D,1.0,0.375,0.675041469,2014-08-11,2014
Blue Thumb,Spring Creek: Martin Park,OK620910-04-0170A,OK620910040170_00,11050002,Cimarron R.,OK620910-04-0170A_4,2019-07-24,4,62324,18.7,6.4,11.3,6.6,14.1,0.0,1.8,4.9,6.821156654,4.0,9.6,84.22115665,0.842211567,B,1.0,0.525,0.829948249,2019-07-24,2019
Blue Thumb,Spring Creek: Martin Park,OK620910-04-0170A,OK620910040170_00,11050002,Cimarron R.,OK620910-04-0170A_3,2014-08-08,3,53901,6.5,4.8,15.0,13.1,15.9,0.0,5.0,5.2,7.671952289,3.2,3.2,79.57195229,0.795719523,B,1.0,0.225,0.767531904,2014-08-08,2014
Blue Thumb,Spring Creek: Oklahoma Ave.,OK720500-01-0270G,OK720500010270_00,11100301,Canadian R.,OK720500-01-0270G_3,2012-07-10,3,49706,16.1,2.3,7.7,17.7,0.0,0.0,6.7,2.6,10.0,8.3,9.333333333,80.73333333,0.807333333,B,0.0,1.0,0.760051282,2012-07-10,2012
Blue Thumb,Spring Creek: Rooney,OK121600-01-0290N,OK121600010290_00,11070209,Arkansas R.,OK121600-01-0290N_2,2009-08-04,2,44236,19.3,13.7,14.6,9.3,10.3,0.0,2.3,1.1,4.572281653,4.0,10.0,89.17228165,0.891722817,B,0.0,0.725,0.810303922,2009-08-04,2009
Blue Thumb,Spunky Creek: Berry Sports Complex,OK121500-02-0480F,OK121500020480_00,11070105,Arkansas R.,OK121500-02-0480F_3,2011-06-21,3,48466,19.6,6.7,19.1,18.2,13.3,0.0,0.5,1.1,8.306200046,5.2,10.0,102.0062,1.0,A,1.0,1.0,1.0,2011-06-21,2011
Blue Thumb,Spunky Creek: Hwy 412,OK121500-02-0480K,OK121500020480_00,11070105,Arkansas R.,OK121500-02-0480K_5,2021-03-03,5,65076,18.1,10.8,14.2,18.2,2.2,0.0,7.7,2.4,9.721485755,5.5,9.066666667,97.88815242,0.978881524,A,1.0,0.325,0.930207443,2021-03-03,2021
Blue Thumb,Spunky Creek: Hwy 412,OK121500-02-0480K,OK121500020480_00,11070105,Arkansas R.,OK121500-02-0480K_3,2015-07-20,3,55667,19.0,11.5,20.2,18.6,11.4,0.0,2.8,1.5,9.940351542,5.5,9.6,110.0403515,1.0,A,1.0,1.0,1.0,2015-07-20,2015
Blue Thumb,Spunky Creek: Hwy 412,OK121500-02-0480K,OK121500020480_00,11070105,Arkansas R.,OK121500-02-0480K_2,2007-08-13,2,38168,9.7,11.8,14.6,19.9,4.1,0.0,1.8,2.2,9.262050453,3.4,10.0,86.76205045,0.867620505,B,0.5,0.075,0.778371197,2007-08-13,2007
Blue Thumb,Spunky Creek: Hwy 412,OK121500-02-0480K,OK121500020480_00,11070105,Arkansas R.,OK121500-02-0480K_1,2004-08-09,1,30957,3.5,10.6,9.9,16.1,2.2,0.0,5.8,2.2,9.902432239,2.0,10.0,72.20243224,0.722024322,C,1.0,0.775,0.747482119,2004-08-09,2004
Blue Thumb,Stage Stand Creek: Hwy 81,OK311210-00-0060Y,OK311210000060_00,11130208,Upper Red R.,OK311210-00-0060Y_2,2010-06-11,2,48218,12.3,4.2,3.5,18.4,14.1,0.0,2.8,1.6,5.859712721,5.6,9.6,77.95971272,0.779597127,C,0.5,0.525,0.738505261,2010-06-11,2010
Blue Thumb,Stillwater Creek: Babcock Park,OK620900-04-0070M,OK620900040070_10,11050003,Cimarron R.,OK620900-04-0070M_1,2005-08-18,1,33761,15.6,0.9,13.2,19.3,15.2,0.0,0.5,2.4,6.875822221,2.4,10.0,86.37582222,0.863758222,B,0.0,0.9,0.800103111,2005-08-18,2005
Blue Thumb,Stillwater Creek: Babcock Park,OK620900-04-0070M,OK620900040070_10,11050003,Cimarron R.,OK620900-04-0070M_3,2014-08-26,3,53914,15.1,2.4,14.6,19.6,16.2,0.0,8.7,3.2,6.660352884,4.5,9.466666667,100.4270196,1.0,A,0.0,0.575,0.890384615,2014-08-26,2014
Blue Thumb,Stillwater Creek: Babcock Park,OK620900-04-0070M,OK620900040070_10,11050003,Cimarron R.,OK620900-04-0070M_4,2019-09-11,4,62335,15.7,4.4,19.2,19.3,2.2,0.0,2.3,4.7,8.182388077,1.4,3.0,80.38238808,0.803823881,B,0.0,1.0,0.757081745,2019-09-11,2019
Blue Thumb,Stillwater Creek: South Sangre Road,OK620900-04-0070P,OK620900040070_10,11050003,Cimarron R.,OK620900-04-0070P_2,2009-06-29,2,44197,16.4,4.4,13.6,19.9,0.0,0.0,12.3,-0.1,4.029460361,2.6,8.666666667,81.79612703,0.81796127,B,0.0,0.4,0.722890305,2009-06-29,2009
Blue Thumb,Sugar Creek: CR 1320,OK310830-05-0010C,OK310830050010_00,11130302,Washita R.,OK310830-05-0010C_3,2011-07-14,3,48475,9.6,19.6,0.0,6.3,0.0,0.0,0.4,0.5,8.956976514,5.4,3.4,54.15697651,0.541569765,F,1.0,1.0,0.612097493,2011-07-14,2011
Blue Thumb,Sugar Creek: CR 1320,OK310830-05-0010C,OK310830050010_00,11130302,Washita R.,OK310830-05-0010C_2,2007-08-06,2,38164,2.8,19.6,0.0,11.7,0.0,0.0,5.8,0.0,9.552327701,2.5,9.866666667,61.81899437,0.618189944,D,1.0,0.875,0.667314568,2007-08-06,2007
Blue Thumb,Sycamore Creek: D 4685,OK121600-03-0510S,OK121600030510_00,11070206,Arkansas R.,OK121600-03-0510S_2,2008-06-30,2,41748,19.6,14.9,14.6,20.0,16.2,0.0,2.3,1.6,9.312108619,3.0,9.866666667,111.3787753,1.0,A,0.0,0.85,0.911538462,2008-06-30,2008
Blue Thumb,TAG Trib to North Canadian River: West 19nd Street,OK520530-00-0200B,OK520530000200_00,11100301,Canadian R.,OK520530-00-0200B_2,2010-07-15,2,48233,8.0,0.8,3.5,15.6,0.0,0.0,6.7,4.0,4.336554816,2.9,10.0,55.83655482,0.558365548,F,0.0,0.925,0.543617002,2010-07-15,2010
Blue Thumb,Tahlequah Ross Branch: Town Confluence,OK121700-03-0030G,OK121700030030_00,11110103,Illinois R.,OK121700-03-0030G_3,2013-06-13,3,51642,19.6,6.5,0.0,19.9,16.1,0.0,2.8,0.9,8.693131702,4.4,9.866666667,88.75979837,0.887597984,B,0.0,0.660714286,0.801868624,2013-06-13,2013
Blue Thumb,Tahlequah Ross Branch: Town Confluence,OK121700-03-0030G,OK121700030030_00,11110103,Illinois R.,OK121700-03-0030G_2,2010-08-11,2,48343,19.5,8.9,0.0,18.8,15.6,0.0,16.5,0.8,9.43813524,3.5,9.733333333,102.7714686,1.0,A,1.0,1.0,1.0,2010-08-11,2010
Blue Thumb,Tahlequah Ross Branch: Town Confluence,OK121700-03-0030G,OK121700030030_00,11110103,Illinois R.,OK121700-03-0030G_4,2017-08-09,4,58625,14.1,5.9,0.0,17.7,16.2,0.0,0.4,0.6,4.980891971,3.9,9.866666667,73.64755864,0.736475586,C,1.0,0.025,0.702017804,2017-08-09,2017
Blue Thumb,Tahlequah Town Branch: Basin Street,OK121700-03-0040G,OK121700030040_00,11110103,Illinois R.,OK121700-03-0040G_3,2013-06-11,3,51640,19.6,19.6,0.0,18.8,16.1,0.0,2.8,-0.1,9.838030642,5.7,8.0,100.3380306,1.0,A,0.0,0.9,0.915384615,2013-06-11,2013
Blue Thumb,Tahlequah Town Branch: Basin Street,OK121700-03-0040G,OK121700030040_00,11110103,Illinois R.,OK121700-03-0040G_2,2008-07-16,2,41750,19.1,17.6,14.6,18.0,16.1,0.0,16.5,-0.1,9.406574694,4.0,9.866666667,125.0732414,1.0,A,1.0,0.825,0.986538462,2008-07-16,2008
Blue Thumb,Tahlequah Town Branch: Basin Street,OK121700-03-0040G,OK121700030040_00,11110103,Illinois R.,OK121700-03-0040G_4,2017-08-02,4,58624,18.0,10.0,5.0,19.1,15.9,0.0,0.4,-0.1,9.736251426,5.4,10.0,93.43625143,0.934362514,A,1.0,0.131578947,0.877658969,2017-08-02,2017
Blue Thumb,Taloka Creek: N 4430,OK220300-00-0020M,OK220300000020_00,11090204,Canadian R.,OK220300-00-0020M_4,2020-01-13,4,60565,1.9,3.7,13.4,14.8,14.1,11.16166667,13.7,2.9,8.248712977,3.9,10.0,97.81037964,0.978103796,A,0.0,0.75,0.885318597,2020-01-13,2020
Blue Thumb,Taloka Creek: N 4430,OK220300-00-0020M,OK220300000020_00,11090204,Canadian R.,OK220300-00-0020M_2,2007-08-03,2,38163,14.7,4.1,13.2,18.3,0.0,0.0,1.4,3.3,7.592746232,4.2,3.2,69.99274623,0.699927462,C,0.0,0.5,0.630707852,2007-08-03,2007
Blue Thumb,Tar Creek: H Street N.E.,OK121600-04-0060G,OK121600040060_00,11070206,Arkansas R.,OK121600-04-0060G_3,2014-06-30,3,53889,18.0,3.8,17.2,19.9,15.2,0.0,12.3,0.6,0.491112096,6.2,9.866666667,103.5577788,1.0,A,1.0,0.65,0.973076923,2014-06-30,2014
Blue Thumb,Tar Creek: H Street N.E.,OK121600-04-0060G,OK121600040060_00,11070206,Arkansas R.,OK121600-04-0060G_2,2008-08-07,2,41759,15.2,6.8,20.0,20.0,9.0,0.0,11.1,0.1,7.170011755,4.5,10.0,103.8700118,1.0,A,1.0,0.6,0.969230769,2008-08-07,2008
Blue Thumb,Tiger Creek: Woods,OK620900-01-0250M,OK620900010250_00,11050003,Cimarron R.,OK620900-01-0250M_4,2016-06-29,4,56715,13.7,4.9,14.0,16.8,11.4,0.0,1.4,1.4,9.289855975,5.0,9.866666667,87.75652264,0.877565226,B,0.0,0.625,0.790632114,2016-06-29,2016
Blue Thumb,Trib to Coody Creek: Robison Park,OK120400-01-0470G,OK120400010470_00,11110102,Arkansas R.,OK120400-01-0470G_5,2021-03-15,5,65068,18.5,10.2,1.3,16.4,12.4,0.0,6.7,1.3,6.241184601,7.9,3.8,84.7411846,0.847411846,B,1.0,0.2,0.809348485,2021-03-15,2021
Blue Thumb,Turkey Creek,OK121400-02-0030F,OK121400020030_00,11070106,Arkansas R.,OK121400-02-0030F_5,2021-02-25,5,65061,17.0,9.0,0.0,20.0,5.9,0.0,0.4,2.7,8.462068214,2.7,2.6,68.76206821,0.687620682,D,1.0,0.55,0.701063654,2021-02-25,2021
Blue Thumb,Turkey Creek,OK121400-02-0030F,OK121400020030_00,11070106,Arkansas R.,OK121400-02-0030F_4,2016-08-03,4,56725,18.4,10.6,0.0,20.0,7.5,0.0,1.0,1.8,9.190631265,3.9,10.0,82.39063127,0.823906313,B,1.0,0.675,0.825997649,2016-08-03,2016
Blue Thumb,Twin Hills Creek: 121st,OK120420-01-0020K,OK120420010020_00,11110101,Arkansas R.,OK120420-01-0020K_5,2021-02-23,5,65075,13.8,4.1,18.4,11.2,13.3,0.0,4.2,1.8,9.005976353,6.5,9.333333333,91.63930969,0.916393097,A,1.0,0.921052632,0.923182823,2021-02-23,2021
Blue Thumb,Tyner Creek: TB4,OK121700-05-0090M,OK121700050090_00,11110103,Illinois R.,OK121700-05-0090M_4,2017-08-10,4,58626,19.5,14.9,15.0,4.6,16.2,0.0,0.4,0.8,9.553269056,4.9,9.6,95.45326906,0.954532691,A,1.0,0.7,0.938450739,2017-08-10,2017
Blue Thumb,Unknown Trib to Arkansas River,OK120400-01-0425D,OK120400010425_00,11110102,Arkansas R.,OK120400-01-0425D_4,2017-06-19,4,58620,17.2,6.3,9.0,19.7,11.4,0.0,4.2,-0.1,9.697949423,5.8,2.6,85.79794942,0.857979494,B,0.0,0.411764706,0.757656857,2017-06-19,2017
Blue Thumb,Unnamed Trib of North Canadian River: Chisholm Trail Park,OK520530-00-0025M,OK520530000025_00,11100301,Canadian R.,OK520530-00-0025M_4,2019-07-23,4,62323,17.2,7.5,0.0,19.5,5.9,0.0,1.4,1.6,6.686527976,4.3,8.8,72.88652798,0.72886528,C,1.0,-0.15,0.682116775,2019-07-23,2019
Blue Thumb,Unnamed Trib to Bird Creek: EW 136 Road,OK520800-01-0150J,OK520800010150_00,11090203,Canadian R.,OK520800-01-0150J_2,2010-06-23,2,48223,14.6,3.8,8.7,20.0,13.3,0.0,5.0,4.0,7.323618068,3.2,9.733333333,89.6569514,0.896569514,A,1.0,0.925,0.906712666,2010-06-23,2010
Blue Thumb,Unnamed Trib to Bird Creek: NS 371 / EW 134 (Dump Ground Road),OK520800-01-0150Y,OK520800010150_00,11090203,Canadian R.,OK520800-01-0150Y_2,2010-06-25,2,48225,19.6,10.0,0.0,18.1,7.5,0.0,0.4,0.8,5.88390645,4.0,9.866666667,76.15057312,0.761505731,C,1.0,1.0,0.798197157,2010-06-25,2010
Blue Thumb,Unnamed Trib to Harlow Creek: Golden Acres,OK120420-01-0170T,OK120420010170_00,11110101,Arkansas R.,OK120420-01-0170T_3,2012-06-21,3,49695,19.6,14.6,4.1,20.0,0.0,0.0,9.9,3.0,9.145348438,5.6,9.866666667,95.8120151,0.958120151,A,1.0,0.833333333,0.951742692,2012-06-21,2012
Blue Thumb,Unnamed Trib to Harlow Creek: Golden Acres,OK120420-01-0170T,OK120420010170_00,11110101,Arkansas R.,OK120420-01-0170T_2,2007-07-26,2,37918,16.1,14.2,10.8,18.9,10.3,0.0,2.8,4.5,9.941800247,3.5,10.0,101.0418002,1.0,A,1.0,0.925,0.994230769,2007-07-26,2007
Blue Thumb,Unnamed Trib to Little Joe Creek: LaFortune Park,OK120420-01-0340K,OK120420010340_00,11110101,Arkansas R.,OK120420-01-0340K_2,2007-08-14,2,38169,17.5,6.8,13.8,9.2,7.5,0.0,13.7,0.5,2.544819663,5.3,4.4,81.24481966,0.812448197,B,0.0,0.0,0.687456167,2007-08-14,2007
Blue Thumb,Unnamed Trib. To Walnut Creek: Rockwell Avenue,OK520610-03-0115J,OK520610030120_00,11090202,Canadian R.,OK520610-03-0115J_2,2010-07-07,2,48231,18.3,3.4,16.3,19.4,10.3,0.0,1.8,0.8,1.618619179,2.0,9.6,83.51861918,0.835186192,B,1.0,0.375,0.812465239,2010-07-07,2010
Blue Thumb,Unnamed Tributary of Twin Hills Creek: S. 71st E. Ave.,OK120420-01-0025M,OK120420010025_00,11110101,Arkansas R.,OK120420-01-0025M_3,2013-07-30,3,51657,15.8,2.4,0.0,17.6,15.9,0.0,8.7,1.9,9.650890524,6.9,3.6,82.45089052,0.824508905,B,1.0,0.157894737,0.786730207,2013-07-30,2013
Blue Thumb,Wall Trip Branch to the Baron Fork: Chicken Creek,OK121700-05-0070M,OK121700050070_00,11110103,Illinois R.,OK121700-05-0070M_2,2008-07-18,2,41752,19.2,17.6,17.2,20.0,16.1,0.0,3.5,1.6,8.208232834,4.5,10.0,117.9082328,1.0,A,0.0,0.825,0.909615385,2008-07-18,2008
Blue Thumb,Walnut Creek: Purcell,OK520610-03-0010E,OK520610030010_00,11090202,Canadian R.,OK520610-03-0010E_2,2006-08-08,2,36245,7.2,2.1,5.0,8.3,0.0,0.0,1.4,0.5,7.166116104,5.6,9.733333333,46.99944944,0.469994494,F,0.5,0.75,0.493841495,2006-08-08,2006
Blue Thumb,Washita River: Black Kettle,OK310840-02-0010M,OK310840020010_00,11130301,Washita R.,OK310840-02-0010M_2,2009-06-23,2,44193,6.3,0.4,0.0,5.4,16.1,0.0,2.3,1.4,9.807411779,6.8,3.8,52.30741178,0.523074118,F,1.0,1.0,0.596447331,2009-06-23,2009
Blue Thumb,Washita River: Black Kettle,OK310840-02-0010M,OK310840020010_00,11130301,Washita R.,OK310840-02-0010M_1,2004-09-29,1,31148,1.4,19.6,0.0,7.0,16.1,0.0,1.0,1.0,9.877679746,4.7,10.0,70.67767975,0.706776797,C,0.0,1.0,0.674964982,2004-09-29,2004
Blue Thumb,Washita River: McClure (N 2070),OK310840-01-0010M,OK310840010010_00,11130301,Washita R.,OK310840-01-0010M_2,2009-06-22,2,44192,10.8,4.3,0.0,19.2,0.0,0.0,3.5,0.2,9.573592327,5.3,9.866666667,62.74025899,0.62740259,D,1.0,0.95,0.680879115,2009-06-22,2009
Blue Thumb,Washita River: McClure (N 2070),OK310840-01-0010M,OK310840010010_00,11130301,Washita R.,OK310840-01-0010M_1,2004-09-28,1,31147,2.2,19.6,0.0,16.6,16.1,0.0,3.5,0.6,9.101819515,2.7,10.0,80.40181951,0.804018195,B,0.0,0.975,0.755323088,2004-09-28,2004
Blue Thumb,Washita River: Riverside,OK310840-01-0010L,OK310840010020_00,11130301,Washita R.,OK310840-01-0010L_1,2005-09-28,1,33826,0.6,0.4,15.0,8.6,0.0,0.0,16.5,1.9,1.437276846,5.3,4.6,54.33727685,0.543372768,F,0.0,1.0,0.536700034,2005-09-28,2005
Blue Thumb,West Cache Creek,OK311310-02-0020T,OK311310020020_10,11130203,Upper Red R.,OK311310-02-0020T_4,2019-07-11,4,62319,14.7,7.1,2.0,8.0,12.4,0.0,0.4,1.3,1.562870318,9.2,10.0,66.66287032,0.666628703,D,1.0,0.625,0.689070441,2019-07-11,2019
Blue Thumb,West Cache Creek: Boulder Picnic Area,OK311310-02-0140T,OK311310020140_00,11130203,Upper Red R.,OK311310-02-0140T_1,2005-09-27,1,33824,16.8,15.1,13.6,7.3,0.0,0.0,15.1,1.3,8.516763313,6.6,10.0,94.31676331,0.943167633,A,1.0,1.0,0.951911074,2005-09-27,2005
Blue Thumb,West Captain Trib: Harrah Road,OK520700-05-0160T,OK520700050270_00,11100303,Canadian R.,OK520700-05-0160T_2,2006-06-22,2,35742,12.9,0.9,3.5,20.0,15.2,0.0,1.8,-0.1,6.18206596,2.7,10.0,73.08206596,0.73082066,C,0.0,0.475,0.654925174,2006-06-22,2006
Blue Thumb,West Elm Creek: S. Douglas,OK520810-00-0140K,OK520810000140_00,11090203,Canadian R.,OK520810-00-0140K_3,2015-07-15,3,55666,16.6,7.7,9.9,8.8,16.2,0.0,1.0,2.3,6.648884203,4.7,9.6,83.4488842,0.834488842,B,0.5,1.0,0.821490559,2015-07-15,2015
Blue Thumb,West Elm Creek: S. Douglas,OK520810-00-0140K,OK520810000140_00,11090203,Canadian R.,OK520810-00-0140K_4,2018-08-29,4,60619,16.3,6.4,5.5,5.0,14.7,0.0,0.7,3.2,9.621339356,6.6,9.866666667,77.88800602,0.77888006,C,0.5,0.5125,0.736936974,2018-08-29,2018
Blue Thumb,Wewoka Creek: Lima (N 3610),OK520500-02-0010Q,OK520500020010_00,11100302,Canadian R.,OK520500-02-0010Q_2,2006-08-09,2,36246,7.3,3.1,18.5,15.4,2.2,0.0,16.5,-0.1,8.701229047,5.8,10.0,87.40122905,0.87401229,B,0.0,0.9,0.80877963,2006-08-09,2006
Blue Thumb,Wewoka Creek: Lima (N 3610),OK520500-02-0010Q,OK520500020010_00,11100302,Canadian R.,OK520500-02-0010Q_1,2004-09-01,1,31143,0.6,1.8,3.8,15.0,4.1,0.0,11.1,0.0,0.019638526,0.5,10.0,46.91963853,0.469196385,F,0.0,1.0,0.473935403,2004-09-01,2004
Blue Thumb,"Whitewater Creek: D 4650, Scott",OK121600-03-0320K,OK121600030320_00,11070206,Arkansas R.,OK121600-03-0320K_2,2006-07-25,2,35775,19.4,15.4,7.7,20.0,12.4,0.0,5.8,3.2,9.40081069,3.1,10.0,106.4008107,1.0,A,0.0,0.625,0.894230769,2006-07-25,2006
Blue Thumb,Whitewater Creek: E 330 Road,OK121600-03-0320G,OK121600030320_00,11070206,Arkansas R.,OK121600-03-0320G_4,2017-01-17,4,56993,18.0,17.0,20.2,19.4,16.1,12.10625,0.4,0.1,9.218669115,4.7,8.8,126.0249191,1.0,A,1.0,0.875,0.990384615,2017-01-17,2017
Blue Thumb,Whitewater Creek: E 330 Road,OK121600-03-0320G,OK121600030320_00,11070206,Arkansas R.,OK121600-03-0320G_2,2006-07-24,2,35774,16.1,14.3,18.7,10.3,0.0,0.0,15.1,1.6,3.094927643,5.2,9.866666667,94.26159431,0.942615943,A,0.0,0.675,0.849521183,2006-07-24,2006
Blue Thumb,Wildhorse Creek: N 3520 Road,OK620900-01-0320G,OK620900010320_00,11050003,Cimarron R.,OK620900-01-0320G_1,2005-08-03,1,33755,2.5,2.2,4.5,14.0,0.0,0.0,0.7,4.1,8.865148035,5.4,9.333333333,51.59848137,0.515984814,F,0.5,0.625,0.523140996,2005-08-03,2005
Blue Thumb,Wolf Creek: McMahon Soccer Park,OK311300-02-0040M,OK311300020040_00,11130202,Upper Red R.,OK311300-02-0040M_4,2019-07-16,4,62322,15.6,4.9,0.0,14.4,12.4,0.0,0.4,4.0,8.868637575,5.7,9.333333333,75.60197091,0.756019709,C,1.0,0.55,0.758939754,2019-07-16,2019
Blue Thumb,Wolf Creek: McMahon Soccer Park,OK311300-02-0040M,OK311300020040_00,11130202,Upper Red R.,OK311300-02-0040M_3,2014-08-07,3,53899,2.9,4.0,0.0,12.3,0.0,0.0,16.5,3.1,7.412276684,4.7,8.933333333,59.84561002,0.5984561,D,1.0,0.05,0.587155162,2014-08-07,2014
Blue Thumb,Wolf Creek: McMahon Soccer Park,OK311300-02-0040M,OK311300020040_00,11130202,Upper Red R.,OK311300-02-0040M_2,2007-08-09,2,38167,7.2,19.6,0.0,18.7,16.1,0.0,0.5,2.7,6.419845849,3.3,8.933333333,83.45317918,0.834531792,B,1.0,0.475,0.819603824,2007-08-09,2007
Blue Thumb,Wolf Creek: US Hwy 283,OK720500-03-0010T,OK720500030010_00,11100203,Canadian R.,OK720500-03-0010T_4,2018-01-16,4,58993,10.7,3.6,0.0,15.4,0.0,8.251363636,5.0,1.5,3.317015464,6.8,3.2,57.7683791,0.577683791,F,0.0,0.7,0.542655515,2018-01-16,2018
Blue Thumb,Yashoo Creek: Little River NWR,OK410200-01-0230B,OK410200010200_00,11140107,Little R.,OK410200-01-0230B_2,2011-06-29,3,48471,18.4,11.2,20.2,19.8,14.7,0.0,0.4,2.4,7.072265532,2.7,9.066666667,105.9389322,1.0,A,1.0,0.05,0.926923077,2011-06-29,2011
Blue Thumb,Yashoo Creek: Little River NWR,OK410200-01-0230B,OK410200010200_00,11140107,Little R.,OK410200-01-0230B_1,2005-08-31,1,33764,6.1,13.8,10.8,14.5,0.0,0.0,0.7,2.0,9.727364023,4.5,10.0,72.12736402,0.72127364,C,0.0,0.925,0.681462311,2005-08-31,2005
Blue Thumb,Yashoo Creek: Little River NWR,OK410200-01-0230B,OK410200010200_00,11140107,Little R.,OK410200-01-0230B_3,2016-08-09,4,56729,14.7,9.7,20.2,20.0,12.4,0.0,1.4,3.1,9.94517689,0.9,5.6,97.94517689,0.979451769,A,0.0,1.0,0.905689958,2016-08-09,2016
Blue Thumb,Bixby Creek: Riverview,OK120420-01-0015P,OK120420010010_00,11110101,Arkansas R.,OK120420-01-0015P_2,2010-08-23,2,48219,15.1,8.4,17.6,7.0,0.0,0.0,0.4,-0.1,10.0,9.4,5.0,73.0,0.748,C,0.0,0.0,0.632923077,2010-08-23,2010
Blue Thumb,Blackboy Creek: Limestone Crossing (aka Bigheart Creek),OK120420-01-0140T,OK120420010140_00,11110101,Arkansas R.,OK120420-01-0140T_2,2010-06-21,2,35737,16.4,10.2,16.2,19.0,7.0,0.0,9.5,1.6,7.9,4.6,10.0,102.0,0.910525468,A,1.0,1.0,0.924290781,2010-06-21,2010
Blue Thumb,Bluff Creek: Battiest,OK410210-09-0160K,OK410210090160_00,11140107,Little R.,OK410210-09-0160K_2,2007-06-11,2,37352,18.8,16.4,6.1,19.7,7.4,0.0,8.0,-0.1,9.5,6.0,10.0,102.0,1.0,A,1.0,0.975,0.998076923,2007-06-11,2007
Blue Thumb,Buffalo Creek: Ballard,OK410210-06-0020W,OK410210060020_00,11140108,Little R.,OK410210-06-0020W_2,2011-06-30,3,48472,14.6,13.8,17.8,14.0,4.1,0.0,12.6,0.2,9.8,6.1,8.1,101.0,1.0,A,1.0,0.05,0.926923077,2011-06-30,2011
Blue Thumb,Cat Creek: Park on Muskogee Ave.,OK121500-02-0390D,OK121500020390_00,11070105,Arkansas R.,OK121500-02-0390D_5,2021-03-08,5,65064,15.4,6.0,15.6,16.8,13.3,0.0,0.6,6.1,8.8,4.6,3.9,91.0,0.937780929,A,1.0,0.275,0.891583863,2021-03-08,2021
Blue Thumb,Coal Creek: Hwy 11,OK121300-01-0090M,OK121300010090_00,11070107,Arkansas R.,OK121300-01-0090M_3,2012-06-11,3,49688,16.8,6.0,18.6,17.8,13.2,0.0,1.0,0.8,9.3,4.4,9.0,97.0,0.954219377,A,1.0,0.905405405,0.953986042,2012-06-11,2012
Blue Thumb,Coffee Creek: Hwy 66,OK520710-01-0090C,OK520710010090_00,11100303,Canadian R.,OK520710-01-0090C_2,2006-08-11,2,36247,9.2,10.9,8.2,4.0,14.2,0.0,4.6,0.1,7.0,3.6,6.1,68.0,0.781380376,D,0.0,0.675,0.713091087,2006-08-11,2006
Blue Thumb,Cow Creek: Hwy 51,OK620900-04-0200B,OK620900040200_00,11050003,Cimarron R.,OK620900-04-0200B_3,2015-06-25,3,55662,16.0,10.1,0.0,18.6,16.2,0.0,6.8,0.8,6.0,3.2,9.9,88.0,0.953867054,B,0.0,0.9,0.876349046,2015-06-25,2015
Blue Thumb,Cow Creek: Hwy 51,OK620900-04-0200B,OK620900040200_00,11050003,Cimarron R.,OK620900-04-0200B_4,2019-08-07,4,62331,10.6,6.4,0.0,17.1,13.6,0.0,1.0,1.5,9.1,3.6,7.9,71.0,0.726997109,C,0.0,0.386075949,0.64484955,2019-08-07,2019
Blue Thumb,Delaware Creek: Hwy 97 Bridge,OK121300-01-0150M,OK121300010150_00,11070107,Arkansas R.,OK121300-01-0150M_2,2010-06-22,2,35152,16.2,4.5,19.5,16.6,4.8,0.0,14.4,7.4,7.3,3.2,9.9,104.0,1.0,A,0.5,0.8,0.946153846,2010-06-22,2010
Blue Thumb,"Little Deep Creek: Weatherford, Upstream of Treat",OK520620-06-0040C,OK520620060040_00,11090201,Canadian R.,OK520620-06-0040C_2,2010-07-20,2,36249,15.0,5.6,11.0,15.3,15.0,0.0,1.9,1.6,8.6,2.4,10.0,86.0,0.921739419,B,0.0,0.75,0.837625662,2010-07-20,2010
Blue Thumb,Little Sandy Creek: Chamber Loop,OK520600-03-0020W,OK520600030020_00,11090202,Canadian R.,OK520600-03-0020W_2,2006-09-20,2,36255,13.4,7.8,8.0,20.0,6.8,0.0,6.4,0.4,9.0,1.0,4.1,77.0,0.677393076,C,0.0,0.175,0.586640295,2006-09-20,2006
Blue Thumb,Little Sandy Creek: Hwy 99,OK520600-03-0020C,OK520600030020_00,11090202,Canadian R.,OK520600-03-0020C_2,2010-07-22,2,36256,6.0,13.4,0.0,18.2,16.2,0.0,4.6,1.3,7.7,4.2,10.0,82.0,0.835537934,B,0.5,0.925,0.816609021,2010-07-22,2010
Blue Thumb,Lost Creek: Woody,OK620900-03-0090C,OK620900030090_00,11050003,Cimarron R.,OK620900-03-0090C_2,2009-06-15,2,44188,10.1,3.4,8.7,14.0,13.6,0.0,0.4,4.0,9.2,5.4,9.7,78.0,0.845670112,C,1.0,0.7,0.846336249,2009-06-15,2009
Blue Thumb,Mooser Creek: Pepsi,OK120420-01-0070B,OK120420010070_00,11110101,Arkansas R.,OK120420-01-0070B_2,2006-06-15,2,35740,16.4,8.0,11.2,18.4,11.1,0.0,2.6,1.6,8.3,3.2,9.9,91.0,0.784005238,A,0.0,1.0,0.740312124,2006-06-15,2006
Blue Thumb,Nickel Creek: 91st Street,OK120420-02-0040G,OK120420020040_00,11110101,Arkansas R.,OK120420-02-0040G_2,2006-06-14,2,35738,14.7,6.0,18.2,18.7,9.4,0.0,5.4,2.9,8.4,4.2,9.8,98.0,0.927024192,A,0.0,0.725,0.840174316,2006-06-14,2006
Blue Thumb,"Posey Creek: Sandusky Avenue, Yale Place",OK120420-01-0030G,OK120420010030_00,11110101,Arkansas R.,OK120420-01-0030G_2,2007-07-27,2,37919,7.8,6.4,20.0,19.4,2.2,0.0,2.4,2.3,8.0,2.7,10.0,81.0,0.820760442,B,0.5,0.974358974,0.807901834,2007-07-27,2007
Blue Thumb,Rock Creek: Oklahoma Street,OK310800-02-0122F,OK310800020122_00,11130303,Washita R.,OK310800-02-0122F_4,2020-07-23,4,58627,10.2,13.5,1.1,17.1,15.8,0.0,0.4,0.6,9.6,5.2,9.7,83.0,0.834383931,B,1.0,-0.05,0.779094095,2020-07-23,2020
Blue Thumb,Sharp Creek: Smith Grove,OK720500-02-0430D,OK720500020430_00,11100102,Canadian R.,OK720500-02-0430D_3,2011-08-01,3,49152,14.5,7.1,13.5,11.2,6.7,0.0,15.8,1.8,9.6,6.4,4.6,91.0,0.849911782,A,0.5,1.0,0.834540739,2011-08-01,2011
Blue Thumb,Sharp Creek: Smith Silo,OK720500-02-0430G,OK720500020430_00,11100102,Canadian R.,OK720500-02-0430G_3,2011-08-01,3,49153,11.7,7.0,19.0,11.0,5.0,0.0,15.8,1.0,3.3,7.0,4.7,86.0,1.0,B,0.0,1.0,0.923076923,2011-08-01,2011
Blue Thumb,Sixmile Creek: Kouba Farm,OK520530-00-0050J,OK520530000050_00,11100301,Canadian R.,OK520530-00-0050J_3,2011-07-27,3,49146,7.5,1.2,6.6,19.8,2.0,0.0,12.6,0.4,7.0,3.8,9.5,70.0,0.572648527,C,0.0,0.175,0.498010292,2011-07-27,2011
Blue Thumb,Soldier Creek: Hwy 66,OK520710-01-0060D,OK520710010060_00,11100303,Canadian R.,OK520710-01-0060D_4,2020-08-05,4,56748,11.2,2.1,15.6,14.8,9.6,0.0,11.9,-0.1,9.0,7.5,9.8,49.0,0.889197582,F,0.5,0.45,0.825474877,2020-08-05,2020
Blue Thumb,Spring Creek: Fram Site,OK121600-01-0290R,OK121600010290_00,11070209,Arkansas R.,OK121600-01-0290R_3,2013-07-10,3,51649,19.6,15.2,6.4,16.3,1.1,0.0,6.8,2.2,9.0,4.1,9.7,90.0,0.924964313,A,1.0,0.8375,0.924008265,2013-07-10,2013
Blue Thumb,Spring Creek: Horinek,OK621000-03-0090M,OK621000030090_00,11060004,Arkansas R.,OK621000-03-0090M_3,2011-06-20,3,48465,15.8,4.7,0.9,20.0,12.6,0.0,0.5,2.6,6.6,3.9,10.0,78.0,0.761284383,C,1.0,0.5,0.759548324,2011-06-20,2011
Blue Thumb,Spring Creek: I-35,OK520710-02-0030G,OK520710020030_00,11100303,Canadian R.,OK520710-02-0030G_2,2006-08-28,2,35151,7.8,2.0,13.2,17.2,8.3,0.0,0.4,2.2,7.6,3.5,9.7,72.0,0.680483268,C,0.5,0.763157895,0.672959526,2006-08-28,2006
Blue Thumb,Summerfield Creek: S. 4510 Road,OK121600-02-0200M,OK121600020200_00,11070209,Arkansas R.,OK121600-02-0200M_3,2012-07-17,3,49711,17.5,18.5,13.6,17.7,5.0,0.0,2.9,0.6,8.7,6.1,8.8,99.0,0.950979897,A,0.0,0.828571429,0.868411561,2012-07-17,2012
Blue Thumb,Tenmile Creek: Davis,OK410300-03-0270L,OK410300030270_00,11140105,Little R.,OK410300-03-0270L_3,2012-06-18,3,49692,16.4,11.5,16.4,16.8,8.0,0.0,7.2,-0.1,9.4,3.5,9.8,99.0,1.0,A,1.0,0.975,0.998076923,2012-06-18,2012
Blue Thumb,West Cache Creek: Boulder Picnic Area,OK311310-02-0140T,OK311310020140_00,11130203,Upper Red R.,OK311310-02-0140T_2,2009-07-14,2,44216,19.4,14.8,0.0,1.2,0.0,0.0,16.5,0.8,10.0,7.0,10.0,80.0,0.8,B,1.0,0.9625,0.827884615,2009-07-14,2009
Blue Thumb,West Elm Creek: S.E. 164th,OK520810-00-0140G,OK520810000140_00,11090203,Canadian R.,OK520810-00-0140G_2,2010-07-28,2,35745,15.6,9.2,4.4,18.3,12.6,0.0,0.6,1.2,8.5,5.2,9.8,85.0,0.73000488,B,0.5,0.875,0.723465668,2010-07-28,2010
Blue Thumb,Wolf Creek: Gore Blvd.,OK311300-02-0040X,OK311300020040_00,11130202,Upper Red R.,OK311300-02-0040X_4,2016-07-28,4,56720,13.6,4.8,1.0,12.3,8.4,0.0,0.4,0.4,9.6,5.8,9.9,66.0,0.645215558,D,1.0,0.216666667,0.63954137,2016-07-28,2016
Blue Thumb,"Woods Creek: Hwy 63, Whitesboro",OK410310-02-0050D,OK410310020050_00,11140105,Little R.,OK410310-02-0050D_2,2011-07-01,3,37351,17.5,14.6,0.0,19.8,10.1,0.0,2.6,0.2,7.6,4.9,8.2,85.0,0.928385686,B,1.0,1.0,0.939403273,2011-07-01,2011
